Head,Relation,Tail,Context
Rennert,poner en,duda,"Por su lado, Rennert puso en duda su matrimonio con Bernarda Ramírez y creyó más probable que estuviese casado con Bernarda Manuela ['la Grifona'], que sería, según esto, su primera mujer ."
Rennert,poner en,su matrimonio Bernarda,"Por su lado, Rennert puso en duda su matrimonio con Bernarda Ramírez y creyó más probable que estuviese casado con Bernarda Manuela ['la Grifona'], que sería, según esto, su primera mujer ."
Rennert,poner en,su lado,"Por su lado, Rennert puso en duda su matrimonio con Bernarda Ramírez y creyó más probable que estuviese casado con Bernarda Manuela ['la Grifona'], que sería, según esto, su primera mujer ."
Cotarelo,poner de,relieve,"Sin embargo, ambos matrimonios no se encuentran documentados, como ya puso de relieve Cotarelo , y probablemente se fundan en deducciones realizadas a partir de algunos entremeses en los que Cosme Pérez figura junto con estas actrices haciendo papeles de marido y mujer."
Cosme Pérez,figurar junto,estas actrices,"Sin embargo, ambos matrimonios no se encuentran documentados, como ya puso de relieve Cotarelo , y probablemente se fundan en deducciones realizadas a partir de algunos entremeses en los que Cosme Pérez figura junto con estas actrices haciendo papeles de marido y mujer."
Francisca María Pérez,ver,el año 1634,"De hecho, la ***Genealogía*** tan sólo documenta su matrimonio con María de Acosta, con la que tuvo una hija —y quizá también un hijo: véase el año 1634—, Francisca María Pérez, y se refiere a la circunstancia de que los tres fueron recibidos en la Cofradía de Nuestra Señora de la Novena estando en la compañía de Tomás Fernández [Cabredo]  —la fecha en que fueron recibidos como cofrades no se especifica en la ***Genealogía***, aunque Cotarelo la sitúa en 1631 —. <br>En la misma ***Genealogía*** se hace alusión a su enorme popularidad en los siguientes términos: ""Fue mui zelebrado en la parte de grazioso, y aun excedió a todos los de su tiempo, y solo con salir a las tablas, y sin hablar, probocaba a risa y al aplauso a los que le veían"" ."
Cotarelo,situar en,1631,"De hecho, la ***Genealogía*** tan sólo documenta su matrimonio con María de Acosta, con la que tuvo una hija —y quizá también un hijo: véase el año 1634—, Francisca María Pérez, y se refiere a la circunstancia de que los tres fueron recibidos en la Cofradía de Nuestra Señora de la Novena estando en la compañía de Tomás Fernández [Cabredo]  —la fecha en que fueron recibidos como cofrades no se especifica en la ***Genealogía***, aunque Cotarelo la sitúa en 1631 —. <br>En la misma ***Genealogía*** se hace alusión a su enorme popularidad en los siguientes términos: ""Fue mui zelebrado en la parte de grazioso, y aun excedió a todos los de su tiempo, y solo con salir a las tablas, y sin hablar, probocaba a risa y al aplauso a los que le veían"" ."
Cotarelo,situar en,la misma,"De hecho, la ***Genealogía*** tan sólo documenta su matrimonio con María de Acosta, con la que tuvo una hija —y quizá también un hijo: véase el año 1634—, Francisca María Pérez, y se refiere a la circunstancia de que los tres fueron recibidos en la Cofradía de Nuestra Señora de la Novena estando en la compañía de Tomás Fernández [Cabredo]  —la fecha en que fueron recibidos como cofrades no se especifica en la ***Genealogía***, aunque Cotarelo la sitúa en 1631 —. <br>En la misma ***Genealogía*** se hace alusión a su enorme popularidad en los siguientes términos: ""Fue mui zelebrado en la parte de grazioso, y aun excedió a todos los de su tiempo, y solo con salir a las tablas, y sin hablar, probocaba a risa y al aplauso a los que le veían"" ."
Juan Rana,llegar a,su grande habilidad,"Como muestra de su popularidad, el autor de la ***Genealogía*** nos cuenta que el actor Domingo Canejil, que murió en 1707, recibió el nombre de 'Ranilla' ""porque decían que ni Juan Rana había llegado a su grande habilidad"" ."
M. L. Lobato,recoger,el testimonio entremés,"Así, M. L. Lobato recoge el testimonio del entremés de Avellaneda ***La portería de las damas***, probablemente escrito hacia 1650, en el que se deja constancia de este aprecio, haciendo referencia al hecho de que el autor Pedro de la Rosa hubiera quitado a 'Juan Rana' los papeles de representar porque el gracioso había perdido la memoria, y la tristeza que ello supuestamente habría ocasionado en la familia real: ""Qué ha de hacer la infantica [María Teresa de Austria] / sin su Juan Rana? ¡Ay, bella chocotica! / y al rey, aunque lo encubre con el guante, / ¿quién le ha de hacer reír de aquí en adelante?"" ."
Juan Rana,decir,cierto entremés,"En cierto entremés, en que Juan Rana el gracioso más festivo que conoció España, haciendo el papel de Alcayde de aquel Palacio, introduxo dos forasteros, a quienes mostró todo lo que había digno de verse en él; y quando llegó a mostrarles el teatro colgado, como se ha dicho, de preciosas pinturas entre las ventanas o balcones, les dixo: -Este es el Salón donde se canta y representan las Comedias."
Rey,sentar,Infantes,El Rey y la Reina se sientan allí; aquí los Infantes; los Grandes en aquella parte.
Rey,sentar,los Grandes parte,El Rey y la Reina se sientan allí; aquí los Infantes; los Grandes en aquella parte.
Españolas,untar,las caras,"Esto dixo porque las Españolas se untan las caras, y se las pintan con varios ingredientes y menjurges; y así con razón aseguró Juan Rana que aquellas dos Señoras Grandes eran dos propísimas pinturas"" ."
Juan Rana,asegurar,razón,"Esto dixo porque las Españolas se untan las caras, y se las pintan con varios ingredientes y menjurges; y así con razón aseguró Juan Rana que aquellas dos Señoras Grandes eran dos propísimas pinturas"" ."
Cosme Pérez,participar,cuya representación,<br>En algunos entremeses de Quiñones de Benavente —véase más abajo para el listado completo de aquellos en cuya representación participó Cosme Pérez—
Bergman,notar,una posible alusión escanda,Bergman nota una posible alusión al escándalo del que fue protagonista Cosme Pérez en 1636 cuando fue acusado de pecado nefando : véase el año correspondiente.
F. Sáez Raposo,desligar,la génesis nombre,"Sin embargo, F. Sáez Raposo desliga la génesis tanto del nombre como del apellido del personaje de un factor concreto y singular, y la establece a partir de componentes diversos: de carácter folclórico, relacionados con las características físicas del actor e incluso relativos al posible timbre de voz que éste pudo tener."
Varey,relacionar,su edición ***Genealogía,"Varey y Shergold, en su edición de la ***Genealogía***, relacionan este episodio con el estreno de la obra de Calderón ***Fieras afemina amor***, en la que Cosme salió en un carro para actuar en el entremés de ***El triunfo de Juan Rana*** ."
Varey,relacionar,el estreno obra,"Varey y Shergold, en su edición de la ***Genealogía***, relacionan este episodio con el estreno de la obra de Calderón ***Fieras afemina amor***, en la que Cosme salió en un carro para actuar en el entremés de ***El triunfo de Juan Rana*** ."
Varey,relacionar,este episodio,"Varey y Shergold, en su edición de la ***Genealogía***, relacionan este episodio con el estreno de la obra de Calderón ***Fieras afemina amor***, en la que Cosme salió en un carro para actuar en el entremés de ***El triunfo de Juan Rana*** ."
Cosme,salir en,un carro,"Varey y Shergold, en su edición de la ***Genealogía***, relacionan este episodio con el estreno de la obra de Calderón ***Fieras afemina amor***, en la que Cosme salió en un carro para actuar en el entremés de ***El triunfo de Juan Rana*** ."
Varey,recoger,el juicio Cotarelo,"Varey y Shergold recogen el juicio de Cotarelo y Mori, quien supuso primero que la obra fue estrenada en 1668 , aunque en otro lugar afirmó que la obra fue estrenada con motivo de la celebración del cumpleaños de la reina madre, Mariana de Austria, que era el 22 de diciembre de 1669 pero que se aplazó hasta enero de 1670 ."
M. L. Lobato,provocar,violentas reacciones,"Como evoca, por su parte, M. L. Lobato, el lujo de esta fiesta provocó violentas reacciones, entre las que se incluyeron pasquines como el titulado ***A la fiesta que hizo en el Retiro a los Reyes el Príncipe de Astillano en 29 de enero de 1672***, donde se aconsejaba al Rey elegir mejor a su privado y donde se citaba también a 'Juan Rana': ""La milicia castellana, / para bencer en la lid, / solía sacar al Zid, / y ahora sale Juan Rana, / que después de sepultado / a las cosas de onor, / como al buen Cid Campeador / le tienen empapelado"" ."
Cosme Pérez,tener,un papel relevancia,"El mismo investigador señala el lustro comprendido entre 1625 y 1630 como fecha en la que participaría también en la representación de la comedia de Juan Pérez de Montalbán titulada ***El segundo Séneca de España, don Felipe II***, donde Cosme Pérez tuvo un papel de mucha mayor relevancia que el anterior, no sólo en cuanto a su extensión, sino en su implicación en la trama."
Sáez Raposo,deducir,las palabras pronunciadas,"A partir de las palabras pronunciadas por el personaje de ""Bartola, sobrina de Rana"" en el momento en que le anuncia y presenta en escena, Sáez Raposo deduce que el actor ya era bien conocido por el público, lo que no podría deberse sólo al pequeño papel interpretado en la citada comedia de Lope: ""Dentro Juan Rana."
Cosme,figurar,el papel Espinel,"El manuscrito incluye un reparto de actores en el que figura ""Cosme"", probablemente Cosme Pérez, en el papel de ""Espinel""."
Varey,poner en,Años,"Años más tarde, Varey y Shergold, al dar cuenta de este manuscrito, pusieron en duda también que Antonio Escamilla fuese el autor de la formación a la que corresponde este reparto, aunque sin mencionar la atribución a Roque de Figueroa hecha por Cotarelo ."
Varey,poner en,duda,"Años más tarde, Varey y Shergold, al dar cuenta de este manuscrito, pusieron en duda también que Antonio Escamilla fuese el autor de la formación a la que corresponde este reparto, aunque sin mencionar la atribución a Roque de Figueroa hecha por Cotarelo ."
Luis Quiñones de Benavente,escribir,su parte,"<br>Por su parte, Luis Quiñones de Benavente escribió varias piezas para Cosme Pérez, en cuyos repartos aparece bien bajo el nombre de Cosme Pérez o de su apodo 'Juan Rana' ."
Luis Quiñones de Benavente,escribir,varias piezas Cosme,"<br>Por su parte, Luis Quiñones de Benavente escribió varias piezas para Cosme Pérez, en cuyos repartos aparece bien bajo el nombre de Cosme Pérez o de su apodo 'Juan Rana' ."
Cotarelo,recordar,este entremés,"En relación con este entremés, Cotarelo recuerda que uno de los temas de concurso de la academia burlesca celebrada en el Buen Retiro durante las fiestas de Carnaval de 1637 fue ""doce redondillas digan la razón por qué las beatas no tienen unto, y si basta la opinión del Doctor Juan Rana para que se crea""."
Cosme Pérez—,trabajar,cuya compañía,"En cualquier caso, según apunta dicho investigador, en este certamen disputaron el premio Luis Quiñones, que obtuvo el primero, y Juan Navarro de Espinosa, que obtuvo el segundo premio . <br>4) El entremés ***El mago***, en cuyo reparto figura como ""Cosme [Pérez]"", representado por Pedro de la Rosa —en cuya compañía trabajaba entonces probablemente Cosme Pérez— y Tomás Fernández, según Bergman probablemente en 1637 ."
Cosme Pérez—,trabajar,Bergman,"En cualquier caso, según apunta dicho investigador, en este certamen disputaron el premio Luis Quiñones, que obtuvo el primero, y Juan Navarro de Espinosa, que obtuvo el segundo premio . <br>4) El entremés ***El mago***, en cuyo reparto figura como ""Cosme [Pérez]"", representado por Pedro de la Rosa —en cuya compañía trabajaba entonces probablemente Cosme Pérez— y Tomás Fernández, según Bergman probablemente en 1637 ."
Antonio de Solís,componer,otro lado,"<br>Por otro lado, Antonio de Solís compuso también algunas de sus obras para Juan Rana, entre ellas el entremés ***Los volatines***, que el actor representó, según M. L. Lobato, hacia 1655 con motivo de la fiesta que la Infanta María Teresa de Austria mandó hacer en el Salón del Palacio de Buen Retiro."
Antonio de Solís,contar,Juan Rana,"<br>Según apunta M. L. Lobato, Antonio de Solís contó también con Juan Rana para el entremés titulado ***La Zarzuela***, el cual, según el manuscrito que se conserva de la obra, se hizo en el Palacio de la Zarzuela con motivo de una ""Fiesta que se representó a Su Majestad"" en un día de mucho frío, según se indica en el primer verso del entremés ."
Antonio de Solís,contar,el entremés titulado,"<br>Según apunta M. L. Lobato, Antonio de Solís contó también con Juan Rana para el entremés titulado ***La Zarzuela***, el cual, según el manuscrito que se conserva de la obra, se hizo en el Palacio de la Zarzuela con motivo de una ""Fiesta que se representó a Su Majestad"" en un día de mucho frío, según se indica en el primer verso del entremés ."
Solís,escribir para,el actor ocupa,"Según recuerda M. L. Lobato, Solís también escribió para el actor que nos ocupa el entremés ***El retrato de Juan Rana***, pieza totalmente diferente, según afirma dicha investigadora, del que años más tarde hizo Calderón con el mismo título."
Calderón,hacer,años,"Según recuerda M. L. Lobato, Solís también escribió para el actor que nos ocupa el entremés ***El retrato de Juan Rana***, pieza totalmente diferente, según afirma dicha investigadora, del que años más tarde hizo Calderón con el mismo título."
Calderón,hacer,el título,"Según recuerda M. L. Lobato, Solís también escribió para el actor que nos ocupa el entremés ***El retrato de Juan Rana***, pieza totalmente diferente, según afirma dicha investigadora, del que años más tarde hizo Calderón con el mismo título."
Juan Rana,intervenir en,la representación piezas,"Además, Juan Rana intervino en la representación de otras piezas de teatro breve de Solís, como el sainete ***Las fiestas bacanales***: véase más abajo el año 1655."
Rana,proponer imitar,la falta éste,"En el entremés ***La loa de Juan Rana***, escrito también por Moreto, intervino como actor Cosme Pérez, y en un parlamento entre [Miguel de] Orozco y [Juan] Rana se alude a la reciente viudez de [Sebastián de] Prado y a su encarcelamiento, que impedía su participación en los festejos de Palacio, motivo por el cual Rana, ante la falta de éste y otros actores, proponía imitar a diversos actores de su tiempo como [Antonio de] Escamilla, [Alonso de] Olmedo, [Mateo de] Godoy, María de Quiñones, María de Prado y Manuela Escamilla ."
Cotarelo,ofrecer,un primer corpus entremeses,"<br>Aparte de las piezas breves mencionadas a lo largo de la presente entrada, Cotarelo ofreció un primer corpus de los entremeses que diferentes poetas escribieron para este actor o su personaje, corpus que ha sido actualizado y completado modernamente por Sáez Raposo, quien repasa también algunos problemas de atribución de estas obras."
Cosme Pérez,formar parte,este año compañía,"Según Cotarelo , a quien sigue Sáez Raposo , Cosme Pérez formaba parte este año de la compañía de Juan Bautista Valenciano —pero esta noticia procede del reparto de la compañía de Juan Bautista Valenciano incluido en el autógrafo de ***El desdén vengado***, de Lope de Vega, del que hemos dado cuenta en la introducción de la entrada, y es posible que dicho reparto corresponda al año 1622—.<br><br>"
Cosme Pérez,formar parte,Cotarelo,"Según Cotarelo , a quien sigue Sáez Raposo , Cosme Pérez formaba parte este año de la compañía de Juan Bautista Valenciano —pero esta noticia procede del reparto de la compañía de Juan Bautista Valenciano incluido en el autógrafo de ***El desdén vengado***, de Lope de Vega, del que hemos dado cuenta en la introducción de la entrada, y es posible que dicho reparto corresponda al año 1622—.<br><br>"
Cosme Pérez,figurar,cuyos miembros,"Consta la lista de la compañía de Juan Bautista Valenciano  para representar el Corpus de este año en Sevilla, entre cuyos miembros figura Cosme Pérez como bailarín y representante .<br><br>"
Cosme Pérez,aparecer en,la nómina compañía,"Cosme Pérez aparece en la nómina de la compañía de Antonio de Prado  incluida en un concierto, fechado en Madrid el 18 de marzo, entre dicho autor y la Villa de Madrid sobre la representación de dos autos para la fiesta del Corpus, en el que se establecía, entre las condiciones, la entrega que haría la Villa a cada actor de una vela de cera de media libra .<br><br>"
Cosme Pérez,pertenecer a,Cotarelo,"Según Cotarelo, Cosme Pérez pertenecía a la compañía de Tomás Fernández Cabredo, quien le envió este año a Madrid con la limosna de su compañía para la Cofradía de Nuestra Señora de la Novena, según se hacía constar en los libros de la Cofradía ; el primer cabildo de la Cofradía de Nuestra Señora de la Novena al que asistió Cosme Pérez, según la ***Genealogía***, fue el celebrado el 25 de junio ; en el archivo de la Parroquia de San Sebastián de Madrid, según Cotarelo, constaba la defunción, el 18 de septiembre, en la Calle del Niño, donde vivía, de un hijo de Cosme Pérez —probablemente de muy corta edad, según Cotarelo."
Cosme Pérez,pertenecer a,la compañía Tomás,"Según Cotarelo, Cosme Pérez pertenecía a la compañía de Tomás Fernández Cabredo, quien le envió este año a Madrid con la limosna de su compañía para la Cofradía de Nuestra Señora de la Novena, según se hacía constar en los libros de la Cofradía ; el primer cabildo de la Cofradía de Nuestra Señora de la Novena al que asistió Cosme Pérez, según la ***Genealogía***, fue el celebrado el 25 de junio ; en el archivo de la Parroquia de San Sebastián de Madrid, según Cotarelo, constaba la defunción, el 18 de septiembre, en la Calle del Niño, donde vivía, de un hijo de Cosme Pérez —probablemente de muy corta edad, según Cotarelo."
Cosme Pérez,asistir,***Genealogía***,"Según Cotarelo, Cosme Pérez pertenecía a la compañía de Tomás Fernández Cabredo, quien le envió este año a Madrid con la limosna de su compañía para la Cofradía de Nuestra Señora de la Novena, según se hacía constar en los libros de la Cofradía ; el primer cabildo de la Cofradía de Nuestra Señora de la Novena al que asistió Cosme Pérez, según la ***Genealogía***, fue el celebrado el 25 de junio ; en el archivo de la Parroquia de San Sebastián de Madrid, según Cotarelo, constaba la defunción, el 18 de septiembre, en la Calle del Niño, donde vivía, de un hijo de Cosme Pérez —probablemente de muy corta edad, según Cotarelo."
Cosme Pérez,volver,Cotarelo,"Según Cotarelo, este año Cosme Pérez volvió a entregar una limosna a la Cofradía de Nuestra Señora de la Novena, aunque no explicita si en este caso también lo hizo en nombre de la compañía de Tomás Fernández ; el Libro de la Hacienda de la Cofradía de Nuestra Señora de la Novena lo menciona este año como mayordomo de la Cofradía ; según un documento fechado en Valladolid el 9 de marzo, Pedro, hijo de los actores Pedro de la Rosa y Catalina Nicolás, su mujer, que vivían en la calle de las Comedias, fue bautizado en la iglesia de Nuestra Señora de San Lorenzo de Valladolid, actuando como padrinos los actores Antonio de Vitoria y Josefa Román, y como testigos los actores Cosme Pérez y Antonio Ramos .<br><br>"
Cosme Pérez,volver,este año,"Según Cotarelo, este año Cosme Pérez volvió a entregar una limosna a la Cofradía de Nuestra Señora de la Novena, aunque no explicita si en este caso también lo hizo en nombre de la compañía de Tomás Fernández ; el Libro de la Hacienda de la Cofradía de Nuestra Señora de la Novena lo menciona este año como mayordomo de la Cofradía ; según un documento fechado en Valladolid el 9 de marzo, Pedro, hijo de los actores Pedro de la Rosa y Catalina Nicolás, su mujer, que vivían en la calle de las Comedias, fue bautizado en la iglesia de Nuestra Señora de San Lorenzo de Valladolid, actuando como padrinos los actores Antonio de Vitoria y Josefa Román, y como testigos los actores Cosme Pérez y Antonio Ramos .<br><br>"
Pedro,mencionar,mayordomo Cofradía,"Según Cotarelo, este año Cosme Pérez volvió a entregar una limosna a la Cofradía de Nuestra Señora de la Novena, aunque no explicita si en este caso también lo hizo en nombre de la compañía de Tomás Fernández ; el Libro de la Hacienda de la Cofradía de Nuestra Señora de la Novena lo menciona este año como mayordomo de la Cofradía ; según un documento fechado en Valladolid el 9 de marzo, Pedro, hijo de los actores Pedro de la Rosa y Catalina Nicolás, su mujer, que vivían en la calle de las Comedias, fue bautizado en la iglesia de Nuestra Señora de San Lorenzo de Valladolid, actuando como padrinos los actores Antonio de Vitoria y Josefa Román, y como testigos los actores Cosme Pérez y Antonio Ramos .<br><br>"
Pedro,mencionar,este año,"Según Cotarelo, este año Cosme Pérez volvió a entregar una limosna a la Cofradía de Nuestra Señora de la Novena, aunque no explicita si en este caso también lo hizo en nombre de la compañía de Tomás Fernández ; el Libro de la Hacienda de la Cofradía de Nuestra Señora de la Novena lo menciona este año como mayordomo de la Cofradía ; según un documento fechado en Valladolid el 9 de marzo, Pedro, hijo de los actores Pedro de la Rosa y Catalina Nicolás, su mujer, que vivían en la calle de las Comedias, fue bautizado en la iglesia de Nuestra Señora de San Lorenzo de Valladolid, actuando como padrinos los actores Antonio de Vitoria y Josefa Román, y como testigos los actores Cosme Pérez y Antonio Ramos .<br><br>"
Pedro,mencionar,un documento fechado,"Según Cotarelo, este año Cosme Pérez volvió a entregar una limosna a la Cofradía de Nuestra Señora de la Novena, aunque no explicita si en este caso también lo hizo en nombre de la compañía de Tomás Fernández ; el Libro de la Hacienda de la Cofradía de Nuestra Señora de la Novena lo menciona este año como mayordomo de la Cofradía ; según un documento fechado en Valladolid el 9 de marzo, Pedro, hijo de los actores Pedro de la Rosa y Catalina Nicolás, su mujer, que vivían en la calle de las Comedias, fue bautizado en la iglesia de Nuestra Señora de San Lorenzo de Valladolid, actuando como padrinos los actores Antonio de Vitoria y Josefa Román, y como testigos los actores Cosme Pérez y Antonio Ramos .<br><br>"
Juan Rana,liberar,esos días,"por la fiesta del Corpus y tres caballerías para los viajes ; según consta en una carta que refiere sucesos del 22 al 29 de noviembre, en esos días 'Juan Rana', que había sido detenido acusado de ""pecado nefando"", fue liberado."
Juan Rana,liberar,la fiesta Corpus,"por la fiesta del Corpus y tres caballerías para los viajes ; según consta en una carta que refiere sucesos del 22 al 29 de noviembre, en esos días 'Juan Rana', que había sido detenido acusado de ""pecado nefando"", fue liberado."
Rosa,acudir a,Valencia,"Consta un concierto, fechado en Valencia el 3 de marzo, entre Juan de Cabanillas, procurador de Pedro de la Rosa, y el clavario del Hospital General de Valencia para que Rosa, estante en Madrid, acudiera a Valencia con toda su compañía, teniendo que traer sobre todo a Francisco de Velasco y a Cosme Pérez, apodado 'Rana', hacia el día 10 de julio, para efectuar cincuenta representaciones seguidas —para más detalles del concierto, véase la entrada del autor— ; según se recoge en los libros del clavario del Hospital General de Valencia, el 5 de diciembre no pudo representar en Valencia la compañía a la que pertenecía Juan Rana [la de Pedro de la Rosa] ""per estar purgat Juan Rana"" .<br><br>"
Rosa,acudir a,su compañía,"Consta un concierto, fechado en Valencia el 3 de marzo, entre Juan de Cabanillas, procurador de Pedro de la Rosa, y el clavario del Hospital General de Valencia para que Rosa, estante en Madrid, acudiera a Valencia con toda su compañía, teniendo que traer sobre todo a Francisco de Velasco y a Cosme Pérez, apodado 'Rana', hacia el día 10 de julio, para efectuar cincuenta representaciones seguidas —para más detalles del concierto, véase la entrada del autor— ; según se recoge en los libros del clavario del Hospital General de Valencia, el 5 de diciembre no pudo representar en Valencia la compañía a la que pertenecía Juan Rana [la de Pedro de la Rosa] ""per estar purgat Juan Rana"" .<br><br>"
Cosme Pérez,entregar,una limosna,"Cosme Pérez entregó una limosna a la Cofradía de Nuestra Señora de la Novena procedente de la compañía de Pedro de la Rosa, de la que formaba parte ; la Cofradía de Nuestra Señora de la Novena encargó a Cosme Pérez ""ordenar lo relativo a unos enterramientos que para actores había dejado el antiguo actor Rodrigo de Saavedra"" .<br><br>"
Cosme Pérez,estar,este año,"Según la ***Genealogía***, Cosme Pérez estuvo este año representando en Valencia ."
Cosme Pérez,estar,***Genealogía***,"Según la ***Genealogía***, Cosme Pérez estuvo este año representando en Valencia ."
Cosme Pérez,pertenecer,Valencia,"Por su parte, según supone Cotarelo —probablemente a partir de esta noticia de la ***Genealogía***—, pasó la primera parte del año en Valencia, desde donde llevó a Madrid una limosna para la Cofradía de Nuestra Señora de la Novena procedente de la compañía de Pedro de la Rosa, de la que formaba parte  —sin embargo, se documenta la estancia de la compañía de Pedro de la Rosa, a la que al parecer pertenecía Cosme Pérez, en Valencia a partir de septiembre: véase la entrada correspondiente—; consta una orden de los comisarios de las fiestas del Corpus, fechada en Madrid el 3 de marzo, para que Antonio de Prado y Pedro de la Rosa , autores de comedias, no salieran de Madrid hasta que hubieran dado las muestras de sus compañías y se hubiera señalado las que debían representar en las fiestas del Corpus."
Cosme Pérez,pertenecer,parecer,"Por su parte, según supone Cotarelo —probablemente a partir de esta noticia de la ***Genealogía***—, pasó la primera parte del año en Valencia, desde donde llevó a Madrid una limosna para la Cofradía de Nuestra Señora de la Novena procedente de la compañía de Pedro de la Rosa, de la que formaba parte  —sin embargo, se documenta la estancia de la compañía de Pedro de la Rosa, a la que al parecer pertenecía Cosme Pérez, en Valencia a partir de septiembre: véase la entrada correspondiente—; consta una orden de los comisarios de las fiestas del Corpus, fechada en Madrid el 3 de marzo, para que Antonio de Prado y Pedro de la Rosa , autores de comedias, no salieran de Madrid hasta que hubieran dado las muestras de sus compañías y se hubiera señalado las que debían representar en las fiestas del Corpus."
Antonio de Prado,salir de,Madrid,"Por su parte, según supone Cotarelo —probablemente a partir de esta noticia de la ***Genealogía***—, pasó la primera parte del año en Valencia, desde donde llevó a Madrid una limosna para la Cofradía de Nuestra Señora de la Novena procedente de la compañía de Pedro de la Rosa, de la que formaba parte  —sin embargo, se documenta la estancia de la compañía de Pedro de la Rosa, a la que al parecer pertenecía Cosme Pérez, en Valencia a partir de septiembre: véase la entrada correspondiente—; consta una orden de los comisarios de las fiestas del Corpus, fechada en Madrid el 3 de marzo, para que Antonio de Prado y Pedro de la Rosa , autores de comedias, no salieran de Madrid hasta que hubieran dado las muestras de sus compañías y se hubiera señalado las que debían representar en las fiestas del Corpus."
Antonio de Prado,dar,relación miembros,"Esto se notificó el 4 de marzo a Cosme Pérez, miembro de la compañía de Pedro de la Rosa, y a los demás autores y actores ; consta una orden de los comisarios de las fiestas del Corpus, fechada en Madrid el 28 de marzo, para que Antonio de Prado y Antonio [sic, por ""Pedro""] de la Rosa , autores de comedias, dieran relación de los miembros de sus compañías, entre los cuales aparece 'Juan Rana', viudo, como miembro de la compañía de Pedro de la Rosa .<br><br>"
Catalina,comprometer,nombre marido,"En nombre de su marido, Catalina se comprometía asimismo a pagar 456 rs. del viaje de Murcia, de hato y personas, y las raciones de Cuaresma ; según Cotarelo, la compañía de Pedro de la Rosa representó en Madrid los autos del Corpus [4 de junio] y en la lista de actores presentada a las autoridades figuraba Cosme Pérez, aunque al principio parece que no quería representar, según se infiere de la anotación hecha por Pedro de la Rosa al entregar la lista de su compañía: ""Está indeciso, porque no quiere representar""  —pero se trata de un error de Cotarelo, pues, como se verá a continuación, esta noticia correspondería realmente a 1644—.<br><br>"
Cosme Pérez,figurar,la lista actores,"En nombre de su marido, Catalina se comprometía asimismo a pagar 456 rs. del viaje de Murcia, de hato y personas, y las raciones de Cuaresma ; según Cotarelo, la compañía de Pedro de la Rosa representó en Madrid los autos del Corpus [4 de junio] y en la lista de actores presentada a las autoridades figuraba Cosme Pérez, aunque al principio parece que no quería representar, según se infiere de la anotación hecha por Pedro de la Rosa al entregar la lista de su compañía: ""Está indeciso, porque no quiere representar""  —pero se trata de un error de Cotarelo, pues, como se verá a continuación, esta noticia correspondería realmente a 1644—.<br><br>"
Pedro de la Rosa,dar,la primera lista compañías,"El 4 de febrero Pedro de la Rosa  y Pedro Ascanio dieron la primera lista de sus compañías, en la que figuraba Cosme Pérez, ""el gracioso Juan Rana"", miembro de la compañía de Pedro de la Rosa  —pero véase también la noticia del 19 de marzo—; consta una obligación, fechada en Madrid el 22 de febrero, de Francisco de Guzmán y Morales, autor de comedias, de pagar a Pedro Ortiz de Urbina, tesorero de la Cofradía de Nuestra Señora de la Novena, 120 rs. que le había prestado."
Pedro de la Rosa,dar,El 4 febrero,"El 4 de febrero Pedro de la Rosa  y Pedro Ascanio dieron la primera lista de sus compañías, en la que figuraba Cosme Pérez, ""el gracioso Juan Rana"", miembro de la compañía de Pedro de la Rosa  —pero véase también la noticia del 19 de marzo—; consta una obligación, fechada en Madrid el 22 de febrero, de Francisco de Guzmán y Morales, autor de comedias, de pagar a Pedro Ortiz de Urbina, tesorero de la Cofradía de Nuestra Señora de la Novena, 120 rs. que le había prestado."
Cosme Pérez,hacer,su lugar,"El autor no sabía firmar y en su lugar lo hizo Cosme Pérez ; el 19 de marzo, en Madrid, Pedro de la Rosa  dio una nueva lista de su compañía a los comisarios de las fiestas del Corpus y en la misma figura Cosme Pérez, aunque el autor apuntó que ""está indeciso porque no quiere representar"" ; consta un decreto de los comisarios de las fiestas del Corpus, fechado en Madrid el 21 de marzo, por el que se ordenaba volver a notificar a Cosme Pérez, gracioso, y a Antonio Marín, gracioso, que no salieran de la Corte sin licencia o mandato de los comisarios, bajo pena de 200 dcs."
Pedro de la Rosa,dar,el 19 marzo Madrid,"El autor no sabía firmar y en su lugar lo hizo Cosme Pérez ; el 19 de marzo, en Madrid, Pedro de la Rosa  dio una nueva lista de su compañía a los comisarios de las fiestas del Corpus y en la misma figura Cosme Pérez, aunque el autor apuntó que ""está indeciso porque no quiere representar"" ; consta un decreto de los comisarios de las fiestas del Corpus, fechado en Madrid el 21 de marzo, por el que se ordenaba volver a notificar a Cosme Pérez, gracioso, y a Antonio Marín, gracioso, que no salieran de la Corte sin licencia o mandato de los comisarios, bajo pena de 200 dcs."
Pedro de la Rosa,dar,una nueva lista compañía,"El autor no sabía firmar y en su lugar lo hizo Cosme Pérez ; el 19 de marzo, en Madrid, Pedro de la Rosa  dio una nueva lista de su compañía a los comisarios de las fiestas del Corpus y en la misma figura Cosme Pérez, aunque el autor apuntó que ""está indeciso porque no quiere representar"" ; consta un decreto de los comisarios de las fiestas del Corpus, fechado en Madrid el 21 de marzo, por el que se ordenaba volver a notificar a Cosme Pérez, gracioso, y a Antonio Marín, gracioso, que no salieran de la Corte sin licencia o mandato de los comisarios, bajo pena de 200 dcs."
Pedro de la Rosa,decir,el día siguiente hacer,"Pero al día siguiente de hacerse las notificaciones, Pedro de la Rosa, autor de comedias, dijo que consentía que Antonio Marín, gracioso en la compañía de Alonso de Paz, se fuera con ésta, pues él tenía concertado con Cosme Pérez, gracioso, que representara en su compañía durante las fiestas del Corpus y el resto del año, por lo cual pedía que se eliminase el embargo a la compañía del autor Alonso de Paz para que pudiera ir donde quisiera y llevar consigo a Antonio Marín, lo cual se hizo ese mismo día ; en la documentación relativa a las fiestas del Corpus madrileño se indica, con fecha del 15 de julio, Cosme Pérez, miembro de la compañía de Pedro de la Rosa, autor de comedias, recibió 50 dcs."
Cosme Pérez,indicar,la documentación relativa,"Pero al día siguiente de hacerse las notificaciones, Pedro de la Rosa, autor de comedias, dijo que consentía que Antonio Marín, gracioso en la compañía de Alonso de Paz, se fuera con ésta, pues él tenía concertado con Cosme Pérez, gracioso, que representara en su compañía durante las fiestas del Corpus y el resto del año, por lo cual pedía que se eliminase el embargo a la compañía del autor Alonso de Paz para que pudiera ir donde quisiera y llevar consigo a Antonio Marín, lo cual se hizo ese mismo día ; en la documentación relativa a las fiestas del Corpus madrileño se indica, con fecha del 15 de julio, Cosme Pérez, miembro de la compañía de Pedro de la Rosa, autor de comedias, recibió 50 dcs."
Cosme Pérez,indicar,fecha 15,"Pero al día siguiente de hacerse las notificaciones, Pedro de la Rosa, autor de comedias, dijo que consentía que Antonio Marín, gracioso en la compañía de Alonso de Paz, se fuera con ésta, pues él tenía concertado con Cosme Pérez, gracioso, que representara en su compañía durante las fiestas del Corpus y el resto del año, por lo cual pedía que se eliminase el embargo a la compañía del autor Alonso de Paz para que pudiera ir donde quisiera y llevar consigo a Antonio Marín, lo cual se hizo ese mismo día ; en la documentación relativa a las fiestas del Corpus madrileño se indica, con fecha del 15 de julio, Cosme Pérez, miembro de la compañía de Pedro de la Rosa, autor de comedias, recibió 50 dcs."
Aora,hacer,los autos,"Consta un poder, otorgado en Madrid el 22 de marzo, de Antonio García de Prado, autor de comedias, a favor de Cosme Pérez y Francisco Ortiz, miembros de su compañía, para que concertara fiestas en su nombre ; en una carta, fechada el 9 de junio de este año, de Felipe IV a la condesa de Paredes de Nava, doña Luisa Enríquez Manrique de Lara, que había ingresado este año en el Convento de San José de Malagón, el Rey escribía: ""Os hecho mucho de menos para los autos [del Corpus de este año], que me dicen que vuestro amigo Juan Rana hace famoso papel, y se me acuerda de lo que os hacía reír"" ; en otra carta de Felipe IV a doña Luisa Enríquez Manrique, fechada el 7 de julio, el Rey, refiriéndose a Diego de Martos, que fue con recados de palacio al convento en donde estaba doña Luisa, escribe: ""A su vuelta [de Diego de Martos] os daría nuebas de Juan Rana pues se rió harto con él, y justamente porque estubo del buen humor que vos sabéis, y Bernardilla [¿Bernarda Ramírez?] no lo descuida […] Aora hacen los autos en el corral y acude mucha gente a ellos con la buena gana que tienen de visitar aquella santa cassa"" .<br><br>"
Aora,hacer,el corral,"Consta un poder, otorgado en Madrid el 22 de marzo, de Antonio García de Prado, autor de comedias, a favor de Cosme Pérez y Francisco Ortiz, miembros de su compañía, para que concertara fiestas en su nombre ; en una carta, fechada el 9 de junio de este año, de Felipe IV a la condesa de Paredes de Nava, doña Luisa Enríquez Manrique de Lara, que había ingresado este año en el Convento de San José de Malagón, el Rey escribía: ""Os hecho mucho de menos para los autos [del Corpus de este año], que me dicen que vuestro amigo Juan Rana hace famoso papel, y se me acuerda de lo que os hacía reír"" ; en otra carta de Felipe IV a doña Luisa Enríquez Manrique, fechada el 7 de julio, el Rey, refiriéndose a Diego de Martos, que fue con recados de palacio al convento en donde estaba doña Luisa, escribe: ""A su vuelta [de Diego de Martos] os daría nuebas de Juan Rana pues se rió harto con él, y justamente porque estubo del buen humor que vos sabéis, y Bernardilla [¿Bernarda Ramírez?] no lo descuida […] Aora hacen los autos en el corral y acude mucha gente a ellos con la buena gana que tienen de visitar aquella santa cassa"" .<br><br>"
Felipe IV,escribir,una carta escrita,"En una carta escrita desde San Lorenzo de El Escorial el 18 de octubre de este año a doña Luisa Enríquez Manrique de Lara, Felipe IV escribía: ""tenemos por güesped a Juan Rana, que siempre está de tan umor como le dejastes"" ; el 15 de noviembre, día en que Mariana de Austria hacía su entrada en Madrid como nueva reina, Cosme Pérez, por mediación de su personaje, le hizo llegar un memorial titulado ***Memorial que dio Juan Rana a la Reina Nuestra Señora Doña Mariana de Austria en su entrada en esta corte antes de llegar a Palacio***, en el que solicitaba la concesión de algún oficio palaciego a su hija para, de esta manera, paliar su difícil situación económica y aumentar sus posibilidades de contraer matrimonio .<br><br>"
Mariana de Austria,hacer,su entrada,"En una carta escrita desde San Lorenzo de El Escorial el 18 de octubre de este año a doña Luisa Enríquez Manrique de Lara, Felipe IV escribía: ""tenemos por güesped a Juan Rana, que siempre está de tan umor como le dejastes"" ; el 15 de noviembre, día en que Mariana de Austria hacía su entrada en Madrid como nueva reina, Cosme Pérez, por mediación de su personaje, le hizo llegar un memorial titulado ***Memorial que dio Juan Rana a la Reina Nuestra Señora Doña Mariana de Austria en su entrada en esta corte antes de llegar a Palacio***, en el que solicitaba la concesión de algún oficio palaciego a su hija para, de esta manera, paliar su difícil situación económica y aumentar sus posibilidades de contraer matrimonio .<br><br>"
Mariana de Austria,hacer,mediación personaje,"En una carta escrita desde San Lorenzo de El Escorial el 18 de octubre de este año a doña Luisa Enríquez Manrique de Lara, Felipe IV escribía: ""tenemos por güesped a Juan Rana, que siempre está de tan umor como le dejastes"" ; el 15 de noviembre, día en que Mariana de Austria hacía su entrada en Madrid como nueva reina, Cosme Pérez, por mediación de su personaje, le hizo llegar un memorial titulado ***Memorial que dio Juan Rana a la Reina Nuestra Señora Doña Mariana de Austria en su entrada en esta corte antes de llegar a Palacio***, en el que solicitaba la concesión de algún oficio palaciego a su hija para, de esta manera, paliar su difícil situación económica y aumentar sus posibilidades de contraer matrimonio .<br><br>"
Mariana de Austria,hacer,nueva reina,"En una carta escrita desde San Lorenzo de El Escorial el 18 de octubre de este año a doña Luisa Enríquez Manrique de Lara, Felipe IV escribía: ""tenemos por güesped a Juan Rana, que siempre está de tan umor como le dejastes"" ; el 15 de noviembre, día en que Mariana de Austria hacía su entrada en Madrid como nueva reina, Cosme Pérez, por mediación de su personaje, le hizo llegar un memorial titulado ***Memorial que dio Juan Rana a la Reina Nuestra Señora Doña Mariana de Austria en su entrada en esta corte antes de llegar a Palacio***, en el que solicitaba la concesión de algún oficio palaciego a su hija para, de esta manera, paliar su difícil situación económica y aumentar sus posibilidades de contraer matrimonio .<br><br>"
Mariana de Austria,hacer,Madrid,"En una carta escrita desde San Lorenzo de El Escorial el 18 de octubre de este año a doña Luisa Enríquez Manrique de Lara, Felipe IV escribía: ""tenemos por güesped a Juan Rana, que siempre está de tan umor como le dejastes"" ; el 15 de noviembre, día en que Mariana de Austria hacía su entrada en Madrid como nueva reina, Cosme Pérez, por mediación de su personaje, le hizo llegar un memorial titulado ***Memorial que dio Juan Rana a la Reina Nuestra Señora Doña Mariana de Austria en su entrada en esta corte antes de llegar a Palacio***, en el que solicitaba la concesión de algún oficio palaciego a su hija para, de esta manera, paliar su difícil situación económica y aumentar sus posibilidades de contraer matrimonio .<br><br>"
Cosme Pérez,hacer llegar,el 15 noviembre,"En una carta escrita desde San Lorenzo de El Escorial el 18 de octubre de este año a doña Luisa Enríquez Manrique de Lara, Felipe IV escribía: ""tenemos por güesped a Juan Rana, que siempre está de tan umor como le dejastes"" ; el 15 de noviembre, día en que Mariana de Austria hacía su entrada en Madrid como nueva reina, Cosme Pérez, por mediación de su personaje, le hizo llegar un memorial titulado ***Memorial que dio Juan Rana a la Reina Nuestra Señora Doña Mariana de Austria en su entrada en esta corte antes de llegar a Palacio***, en el que solicitaba la concesión de algún oficio palaciego a su hija para, de esta manera, paliar su difícil situación económica y aumentar sus posibilidades de contraer matrimonio .<br><br>"
Juan Rana,dar,su entrada corte,"En una carta escrita desde San Lorenzo de El Escorial el 18 de octubre de este año a doña Luisa Enríquez Manrique de Lara, Felipe IV escribía: ""tenemos por güesped a Juan Rana, que siempre está de tan umor como le dejastes"" ; el 15 de noviembre, día en que Mariana de Austria hacía su entrada en Madrid como nueva reina, Cosme Pérez, por mediación de su personaje, le hizo llegar un memorial titulado ***Memorial que dio Juan Rana a la Reina Nuestra Señora Doña Mariana de Austria en su entrada en esta corte antes de llegar a Palacio***, en el que solicitaba la concesión de algún oficio palaciego a su hija para, de esta manera, paliar su difícil situación económica y aumentar sus posibilidades de contraer matrimonio .<br><br>"
Rey,referir a,una carta escrita,"En una carta escrita por Felipe IV a doña Luisa Enríquez Manrique, el Rey se refería a las recientes fiestas de Carnaval en palacio, relatando la imitación que don Andrés Ferrer había realizado de 'Juan Rana': ""Muy regocijadas Carnestolendas hemos pasado y la gente moza se ha divertido y entretenido."
Rey,referir a,las recientes fiestas Carnaval palacio,"En una carta escrita por Felipe IV a doña Luisa Enríquez Manrique, el Rey se refería a las recientes fiestas de Carnaval en palacio, relatando la imitación que don Andrés Ferrer había realizado de 'Juan Rana': ""Muy regocijadas Carnestolendas hemos pasado y la gente moza se ha divertido y entretenido."
Andrés Ferrer,realizar de,Juan Rana,"En una carta escrita por Felipe IV a doña Luisa Enríquez Manrique, el Rey se refería a las recientes fiestas de Carnaval en palacio, relatando la imitación que don Andrés Ferrer había realizado de 'Juan Rana': ""Muy regocijadas Carnestolendas hemos pasado y la gente moza se ha divertido y entretenido."
Amarilis,salir a,la luz,"Harta soledad me hizo que no viésedes querer imitar a Juan Rana a don Andrés Ferrer, que cierto de puro frío nos hacía reír, pero la comedia fue buena, particularmente lo cantado y la representación de las mujeres, que Amarilis [María de Córdoba] salió a la luz y está tan gran farsanta como siempre""."
Rey,referir,la presencia embajador,"En esta misma carta, el Rey se refiere también a la presencia del embajador turco en Madrid, presenciando la comedia en palacio, y a su afición a la comedia y al trato con los actores, manifestada por el hecho de que, según contaba el Rey, se hubiese desplazado al Escorial llevándose consigo a 'Juan Rana' y a otro farsante que llamaban Mejía —Antonio Mejía, según la identificación de M. L. Lobato, quien supone que 'Juan Rana' debió de intervenir en la comedia mencionada y quizá estuvo alojado en palacio cuando el Rey le pidió a él y a Mejía que acompañaran al embajador al Escorial— ; en la memoria que presentó Antonio García de Prado  para hacer los autos en las fiestas del Corpus en Madrid se incluye la lista de su compañía, en la que figura Cosme Pérez ; Cosme Pérez 'Juan Rana' figura también entre los miembros de una lista de la compañía de [Antonio de] ""Prado farsante""  que apareció publicada por Cruzada Villaamil junto con varias noticias de representaciones particulares hechas al Rey en 1623 por la compañía de Antonio de Prado  —pero es imposible que esta lista sea de 1623, ya que incluye a José Antonio de Prado, que nació en 1635."
Rey,referir,esta carta,"En esta misma carta, el Rey se refiere también a la presencia del embajador turco en Madrid, presenciando la comedia en palacio, y a su afición a la comedia y al trato con los actores, manifestada por el hecho de que, según contaba el Rey, se hubiese desplazado al Escorial llevándose consigo a 'Juan Rana' y a otro farsante que llamaban Mejía —Antonio Mejía, según la identificación de M. L. Lobato, quien supone que 'Juan Rana' debió de intervenir en la comedia mencionada y quizá estuvo alojado en palacio cuando el Rey le pidió a él y a Mejía que acompañaran al embajador al Escorial— ; en la memoria que presentó Antonio García de Prado  para hacer los autos en las fiestas del Corpus en Madrid se incluye la lista de su compañía, en la que figura Cosme Pérez ; Cosme Pérez 'Juan Rana' figura también entre los miembros de una lista de la compañía de [Antonio de] ""Prado farsante""  que apareció publicada por Cruzada Villaamil junto con varias noticias de representaciones particulares hechas al Rey en 1623 por la compañía de Antonio de Prado  —pero es imposible que esta lista sea de 1623, ya que incluye a José Antonio de Prado, que nació en 1635."
Juan Rana,intervenir en,la comedia mencionada,"En esta misma carta, el Rey se refiere también a la presencia del embajador turco en Madrid, presenciando la comedia en palacio, y a su afición a la comedia y al trato con los actores, manifestada por el hecho de que, según contaba el Rey, se hubiese desplazado al Escorial llevándose consigo a 'Juan Rana' y a otro farsante que llamaban Mejía —Antonio Mejía, según la identificación de M. L. Lobato, quien supone que 'Juan Rana' debió de intervenir en la comedia mencionada y quizá estuvo alojado en palacio cuando el Rey le pidió a él y a Mejía que acompañaran al embajador al Escorial— ; en la memoria que presentó Antonio García de Prado  para hacer los autos en las fiestas del Corpus en Madrid se incluye la lista de su compañía, en la que figura Cosme Pérez ; Cosme Pérez 'Juan Rana' figura también entre los miembros de una lista de la compañía de [Antonio de] ""Prado farsante""  que apareció publicada por Cruzada Villaamil junto con varias noticias de representaciones particulares hechas al Rey en 1623 por la compañía de Antonio de Prado  —pero es imposible que esta lista sea de 1623, ya que incluye a José Antonio de Prado, que nació en 1635."
Rey,reflejar,la expectativa generada,"Consta una comunicación, fechada en el real Sitio del Buen Retiro el 26 de abril, del Duque de Nájera al grefier de la Reina Simón de Alcántara, por la que le informa: ""Su Magestad, Dios le guarde, por su orden escrita en Aranjuez, en respuesta a carta mía de 24 de este, es servido de hacer merced a Juan Rana de una ración ordinaria, que ha de gozar por la casa de la Reina [Mariana de Austria], nuestra Señora, en consideración de lo que la hace reír, y en esta conformidad se le apuntará en los libros para que se le acuda con ella desde la hecha de esta"" ; en una carta de Felipe IV, fechada en Madrid el 6 de junio de este año, a doña Luisa Enríquez Manrique, el Rey reflejaba la expectativa generada en palacio ante la próxima representación de los autos del Corpus, que iban a permitir ""ver a 'Juan Rana' en los autos, que dicen son muy buenos y que tiene buen papel"" ; con motivo del parto del primer hijo de la reina Mariana de Austria, la infanta Margarita, y también con motivo del cumpleaños de la Reina y de su recuperación del ""accidente que le sobrevino estando el Rey Nuestro Señor en las Descalzas, y con su presencia volvió del desmayo"", se representó en palacio la comedia de Calderón ***Darlo todo y no dar nada***, con una loa de Antonio de Solís, en la que participaron Mariana y Luisa Romero, 'la Borja' [Mariana de Borja], María de Quiñones, María de Prado y Bernarda Ramírez  —según Cotarelo, para esta función se había reunido a las compañías de [Diego] Osorio y [Sebastián de] Prado y, durante esta misma fiesta, se representó el entremés ***El infierno de Juan Rana***, en el que la actriz Bernarda Ramírez, célebre por imitar la figura de Juan Rana, interpretó el papel del ""Alma"" de este actor, quien también intervino en la representación —.<br><br>"
Cotarelo,referir a,la existencia Archivo carta,"Cotarelo se refiere a la existencia en el Archivo Municipal de Madrid de una carta, fechada el 5 de junio, de Juan González, hijo de José González, consejero y protector de los teatros, a don Francisco Sardeneta y Mendoza, solicitando en nombre de su padre una ayuda de costa de 400 rs. para Cosme Pérez 'Juan Rana' ""porque necesita della""  —Cotarelo infiere de esta carta que el actor tomó parte en las fiestas del Corpus—.<br><br>"
Cotarelo,inferir de,esta carta,"Cotarelo se refiere a la existencia en el Archivo Municipal de Madrid de una carta, fechada el 5 de junio, de Juan González, hijo de José González, consejero y protector de los teatros, a don Francisco Sardeneta y Mendoza, solicitando en nombre de su padre una ayuda de costa de 400 rs. para Cosme Pérez 'Juan Rana' ""porque necesita della""  —Cotarelo infiere de esta carta que el actor tomó parte en las fiestas del Corpus—.<br><br>"
Felipe IV,dar cuenta,doña Luisa Enríquez Manrique,"En una carta, fechada en Madrid el 9 de junio de este año, Felipe IV daba cuenta a doña Luisa Enríquez Manrique de una comedia representada en el Coliseo del Buen Retiro en la segunda quincena de mayo: ""Muy buena ha sido la comedia, y vuestro amigo 'Juan Rana' a cumplido famosamente con sus obligaciones; bien creo que si le hubiérades visto, se atreviera la risa a inquietar la función."
Felipe IV,dar cuenta,una carta fechada,"En una carta, fechada en Madrid el 9 de junio de este año, Felipe IV daba cuenta a doña Luisa Enríquez Manrique de una comedia representada en el Coliseo del Buen Retiro en la segunda quincena de mayo: ""Muy buena ha sido la comedia, y vuestro amigo 'Juan Rana' a cumplido famosamente con sus obligaciones; bien creo que si le hubiérades visto, se atreviera la risa a inquietar la función."
Cosme Pérez,representar,el papel Bato,"La gente moza se ha entretenido harto""  —la comedia representada fue ***Andrómeda y Perseo***, de Calderón, en la que Cosme Pérez representó el papel de ""Bato"" —; entre la documentación relativa a las fiestas del Corpus de Madrid consta una lista de los gastos de las fiestas del Corpus de este año, en la que se indica que Cosme Pérez recibió 1.000 rs."
Cosme Pérez,recibir,1.000 rs,"La gente moza se ha entretenido harto""  —la comedia representada fue ***Andrómeda y Perseo***, de Calderón, en la que Cosme Pérez representó el papel de ""Bato"" —; entre la documentación relativa a las fiestas del Corpus de Madrid consta una lista de los gastos de las fiestas del Corpus de este año, en la que se indica que Cosme Pérez recibió 1.000 rs."
Rey,referir a,la participación Juan fiestas,"En una carta de Felipe IV a doña Luisa Enríquez Manrique, fechada el 17 de febrero de este año, el Rey se refería a a la participación de Juan Rana en las fiestas de Carnaval de aquel año, donde había divertido con su actuación a la Reina y a la infanta María Teresa ; a este mismo año corresponde la puesta en escena de ***El laberinto del mundo***, de Calderón, único auto sacramental en el que se tiene constancia de que participara Cosme Pérez  y edición del baile ***Los Juan Ranas*** "", en ***Scriptura***, 17 , p. 259); consta un concierto, fechado en Madrid el 29 de junio, por el que Luis López [Sustaete]  se comprometía a participar con su compañía, llevando a ""Cosme Pérez para que haga la graciosidad"", en las fiestas de Nuestra Señora de Agosto de Navalagamella (Madrid), en las que se harían tres comedias, una el día 14 y dos el 15, con bailes y entremeses ; consta un concierto, fechado en Madrid el 3 de julio, por el que la compañía de Luis López Sustaete , ""llevando a Cosme Pérez para la graciosidad"", se concertaba con la Cofradía de Nuestra Señora del Rosario de Vicálvaro (Madrid) para participar en las fiestas de Nuestra Señora de Septiembre, en las que se harían dos representaciones de un auto y una comedia con bailes y entremeses .<br><br>"
Rey,referir a,una carta Felipe doña,"En una carta de Felipe IV a doña Luisa Enríquez Manrique, fechada el 17 de febrero de este año, el Rey se refería a a la participación de Juan Rana en las fiestas de Carnaval de aquel año, donde había divertido con su actuación a la Reina y a la infanta María Teresa ; a este mismo año corresponde la puesta en escena de ***El laberinto del mundo***, de Calderón, único auto sacramental en el que se tiene constancia de que participara Cosme Pérez  y edición del baile ***Los Juan Ranas*** "", en ***Scriptura***, 17 , p. 259); consta un concierto, fechado en Madrid el 29 de junio, por el que Luis López [Sustaete]  se comprometía a participar con su compañía, llevando a ""Cosme Pérez para que haga la graciosidad"", en las fiestas de Nuestra Señora de Agosto de Navalagamella (Madrid), en las que se harían tres comedias, una el día 14 y dos el 15, con bailes y entremeses ; consta un concierto, fechado en Madrid el 3 de julio, por el que la compañía de Luis López Sustaete , ""llevando a Cosme Pérez para la graciosidad"", se concertaba con la Cofradía de Nuestra Señora del Rosario de Vicálvaro (Madrid) para participar en las fiestas de Nuestra Señora de Septiembre, en las que se harían dos representaciones de un auto y una comedia con bailes y entremeses .<br><br>"
Juan Rana,intervenir en,la loa Antonio comedia,"Una actriz llamada Bernarda, identificada por Rennert con Bernarda Manuela y por Lobato con Bernarda Ramírez, intervino junto con Cosme [Pérez] y Francisca de Castro en la representación del sainete ***Las fiestas bacanales***, escrito por Antonio de Solís para la versión palaciega de su comedia ***Eurídice y Orfeo***, que se representó el 6 de febrero de 1655 —la comedia se había representado en Pamplona hacia 1643 con motivo del nacimiento de un hijo del Conde de Oropesa y fue refundida y convertida en zarzuela por el mismo Solís para ser representada en Palacio, y fue para esta ocasión, según afirma Lobato, que se escribió el sainete que la acompañó— ; el 7 de febrero, domingo de Carnaval, Juan Rana intervino en la loa de Antonio de Solís para la comedia ***Las amazonas***, representada ante Su Majestad, junto con los actores Mateo de Godoy, María de Quiñones, 'la Borja' [Mariana de Borja], Luisa y Mariana Romero y Bernarda [Ramírez] —según apunta M. L. Lobato, la comedia se repitió en Carabanchel de Arriba en el mes de junio, con el autor Diego de Osorio al frente del grupo de representantes: pero esta representación en Carabanchel de Arriba tuvo lugar en 1656, y aunque la compañía que se hizo cargo fue la de Diego Osorio , no sabemos si participaron los mismos actores— ."
Juan Rana,intervenir,el papel Juan,"Durante esta misma fiesta se representó el entremés ***Las visiones***, en el que intervinieron 'Juan Rana' en el papel de ""Juan Rana"" y Bernarda Ramírez representando el papel de ""Quiteria, mujer de Juan Rana"" ; el martes de Carnaval de este año [9 de febrero] —aunque Lobato por error indica como fecha del representación el año 1656— se representó ante Sus Majestades la comedia ***Un bobo hace ciento***, de Solís, en cuya loa alegórica Juan Rana hizo de ""Tiempo"", compartiendo escenario con Bernarda Ramírez, Luisa Romero y Mariana Romero, 'la Patata' [¿Antonia del Pozo 'la Patata' o Luciana 'la Patata'?], [Mariana de Borja] 'la Borja' y 'Poca Ropa' ."
Lobato,indicar como,el año 1656,"Durante esta misma fiesta se representó el entremés ***Las visiones***, en el que intervinieron 'Juan Rana' en el papel de ""Juan Rana"" y Bernarda Ramírez representando el papel de ""Quiteria, mujer de Juan Rana"" ; el martes de Carnaval de este año [9 de febrero] —aunque Lobato por error indica como fecha del representación el año 1656— se representó ante Sus Majestades la comedia ***Un bobo hace ciento***, de Solís, en cuya loa alegórica Juan Rana hizo de ""Tiempo"", compartiendo escenario con Bernarda Ramírez, Luisa Romero y Mariana Romero, 'la Patata' [¿Antonia del Pozo 'la Patata' o Luciana 'la Patata'?], [Mariana de Borja] 'la Borja' y 'Poca Ropa' ."
Lobato,indicar como,fecha representación,"Durante esta misma fiesta se representó el entremés ***Las visiones***, en el que intervinieron 'Juan Rana' en el papel de ""Juan Rana"" y Bernarda Ramírez representando el papel de ""Quiteria, mujer de Juan Rana"" ; el martes de Carnaval de este año [9 de febrero] —aunque Lobato por error indica como fecha del representación el año 1656— se representó ante Sus Majestades la comedia ***Un bobo hace ciento***, de Solís, en cuya loa alegórica Juan Rana hizo de ""Tiempo"", compartiendo escenario con Bernarda Ramírez, Luisa Romero y Mariana Romero, 'la Patata' [¿Antonia del Pozo 'la Patata' o Luciana 'la Patata'?], [Mariana de Borja] 'la Borja' y 'Poca Ropa' ."
Juan Rana,hacer de,Tiempo,"Durante esta misma fiesta se representó el entremés ***Las visiones***, en el que intervinieron 'Juan Rana' en el papel de ""Juan Rana"" y Bernarda Ramírez representando el papel de ""Quiteria, mujer de Juan Rana"" ; el martes de Carnaval de este año [9 de febrero] —aunque Lobato por error indica como fecha del representación el año 1656— se representó ante Sus Majestades la comedia ***Un bobo hace ciento***, de Solís, en cuya loa alegórica Juan Rana hizo de ""Tiempo"", compartiendo escenario con Bernarda Ramírez, Luisa Romero y Mariana Romero, 'la Patata' [¿Antonia del Pozo 'la Patata' o Luciana 'la Patata'?], [Mariana de Borja] 'la Borja' y 'Poca Ropa' ."
Juan Rana,hacer de,cuya loa alegórica,"Durante esta misma fiesta se representó el entremés ***Las visiones***, en el que intervinieron 'Juan Rana' en el papel de ""Juan Rana"" y Bernarda Ramírez representando el papel de ""Quiteria, mujer de Juan Rana"" ; el martes de Carnaval de este año [9 de febrero] —aunque Lobato por error indica como fecha del representación el año 1656— se representó ante Sus Majestades la comedia ***Un bobo hace ciento***, de Solís, en cuya loa alegórica Juan Rana hizo de ""Tiempo"", compartiendo escenario con Bernarda Ramírez, Luisa Romero y Mariana Romero, 'la Patata' [¿Antonia del Pozo 'la Patata' o Luciana 'la Patata'?], [Mariana de Borja] 'la Borja' y 'Poca Ropa' ."
Juan Rana,representar,Cotarelo,"Según Cotarelo, 'Juan Rana' y Bernarda Ramírez representaron los papeles principales de la loa, mientras que Luisa y Mariana Romero, Luciana Leal y Mariana de Borja representaron las Cuatro Edades: de Oro, de Plata, de Cobre y de Hierro ; consta un contrato, fechado en Madrid el 24 de abril, por el que Diego Osorio  se concertó con los comisarios de la fiesta de Señora Santa Librada de Sigüenza (Guadalajara) para participar con su compañía, excepto Cosme Pérez, en la fiesta de Santa Librada [20 de julio] de dicha ciudad ; entre la documentación relativa a las fiestas del Corpus madrileño consta un documento, sin fecha, en que se recogen los gastos de las fiestas del Corpus de Madrid de este año [27 de mayo], en el que se indica que 'Juan Rana' recibió 1.400 rs."
Juan Rana,representar,los papeles principales loa,"Según Cotarelo, 'Juan Rana' y Bernarda Ramírez representaron los papeles principales de la loa, mientras que Luisa y Mariana Romero, Luciana Leal y Mariana de Borja representaron las Cuatro Edades: de Oro, de Plata, de Cobre y de Hierro ; consta un contrato, fechado en Madrid el 24 de abril, por el que Diego Osorio  se concertó con los comisarios de la fiesta de Señora Santa Librada de Sigüenza (Guadalajara) para participar con su compañía, excepto Cosme Pérez, en la fiesta de Santa Librada [20 de julio] de dicha ciudad ; entre la documentación relativa a las fiestas del Corpus madrileño consta un documento, sin fecha, en que se recogen los gastos de las fiestas del Corpus de Madrid de este año [27 de mayo], en el que se indica que 'Juan Rana' recibió 1.400 rs."
Luisa,representar,Cuatro Edades: de Oro,"Según Cotarelo, 'Juan Rana' y Bernarda Ramírez representaron los papeles principales de la loa, mientras que Luisa y Mariana Romero, Luciana Leal y Mariana de Borja representaron las Cuatro Edades: de Oro, de Plata, de Cobre y de Hierro ; consta un contrato, fechado en Madrid el 24 de abril, por el que Diego Osorio  se concertó con los comisarios de la fiesta de Señora Santa Librada de Sigüenza (Guadalajara) para participar con su compañía, excepto Cosme Pérez, en la fiesta de Santa Librada [20 de julio] de dicha ciudad ; entre la documentación relativa a las fiestas del Corpus madrileño consta un documento, sin fecha, en que se recogen los gastos de las fiestas del Corpus de Madrid de este año [27 de mayo], en el que se indica que 'Juan Rana' recibió 1.400 rs."
Diego Osorio,concertar con,los comisarios fiesta,"Según Cotarelo, 'Juan Rana' y Bernarda Ramírez representaron los papeles principales de la loa, mientras que Luisa y Mariana Romero, Luciana Leal y Mariana de Borja representaron las Cuatro Edades: de Oro, de Plata, de Cobre y de Hierro ; consta un contrato, fechado en Madrid el 24 de abril, por el que Diego Osorio  se concertó con los comisarios de la fiesta de Señora Santa Librada de Sigüenza (Guadalajara) para participar con su compañía, excepto Cosme Pérez, en la fiesta de Santa Librada [20 de julio] de dicha ciudad ; entre la documentación relativa a las fiestas del Corpus madrileño consta un documento, sin fecha, en que se recogen los gastos de las fiestas del Corpus de Madrid de este año [27 de mayo], en el que se indica que 'Juan Rana' recibió 1.400 rs."
Juan Rana,recibir,1.400 rs,"Según Cotarelo, 'Juan Rana' y Bernarda Ramírez representaron los papeles principales de la loa, mientras que Luisa y Mariana Romero, Luciana Leal y Mariana de Borja representaron las Cuatro Edades: de Oro, de Plata, de Cobre y de Hierro ; consta un contrato, fechado en Madrid el 24 de abril, por el que Diego Osorio  se concertó con los comisarios de la fiesta de Señora Santa Librada de Sigüenza (Guadalajara) para participar con su compañía, excepto Cosme Pérez, en la fiesta de Santa Librada [20 de julio] de dicha ciudad ; entre la documentación relativa a las fiestas del Corpus madrileño consta un documento, sin fecha, en que se recogen los gastos de las fiestas del Corpus de Madrid de este año [27 de mayo], en el que se indica que 'Juan Rana' recibió 1.400 rs."
Barrionuevo,describir de,el siguiente modo,"; según un testimonio recogido contemporáneamente por Jerónimo de Barrionuevo el 26 de junio, se representó en el Retiro el día de San Juan —probablemente el 23 de junio, noche de San Juan— la obra ***La restauración de España*** —también titulada ***La renegada de Valladolid***, según Lobato —, que Barrionuevo describe del siguiente modo: ""comedia burlesca."
Barrionuevo,describir de,comedia burlesca,"; según un testimonio recogido contemporáneamente por Jerónimo de Barrionuevo el 26 de junio, se representó en el Retiro el día de San Juan —probablemente el 23 de junio, noche de San Juan— la obra ***La restauración de España*** —también titulada ***La renegada de Valladolid***, según Lobato —, que Barrionuevo describe del siguiente modo: ""comedia burlesca."
Juan Rana,hacer,el hombre Rey,"Setenta mujeres fueron las que la representaron, y Juan Rana tan solamente hizo el hombre y papel del Rey."
La Romerilla,salir en,una hamaca,"'La Romerilla' [¿Mariana o Luisa Romero?] salió en una hamaca a decir la Loa, y en un entremés donde se remedaba lo que pasa en el Prado aquella noche [de San Juan], entró un cochecillo pequeño en el salón alto donde se hacía, con cuatro mujeres en él y dos mulas que le tiraban, siendo otra mujer el cochero que le guiaba, subiéndole con una tramoya por las escaleras, como si lo hiciera en una de las calles del Prado""  —según Paz y Melia, en la Biblioteca Nacional de Madrid se conserva el manuscrito de ***La renegada de Valladolid***, comedia burlesca, escrita por tres ingenios (Francisco de Monteser, Antonio de Solís y Diego de Silva), en la que se indica ""Representose a Su Majestad en el Salón del Buen Retiro el día de San Juan, año de 1655""."
Cosme Pérez,figurar,el testamento José,"Esta comedia va precedida de una loa de don Antonio de Solís e incluye también el baile ***El contraste de amor***, de Juan Vélez, al fin de la primera jornada, el baile entremesado de ***Los hombres deslucidos que se pierden sin saberse cómo ni cómo no***, de don Jerónimo de Cáncer, al fin de la segunda jornada, y el entremés de ***La noche de San Juan, y Juan Rana en el Prado con escribano y alguacil***, de don Jerónimo de Cáncer, al final de la tercera jornada —; Cosme Pérez figura como testigo en el testamento de José Antonio Quevedo , fechado en Madrid el 2 de septiembre .<br><br>"
Cosme Pérez,figurar,testigo,"Esta comedia va precedida de una loa de don Antonio de Solís e incluye también el baile ***El contraste de amor***, de Juan Vélez, al fin de la primera jornada, el baile entremesado de ***Los hombres deslucidos que se pierden sin saberse cómo ni cómo no***, de don Jerónimo de Cáncer, al fin de la segunda jornada, y el entremés de ***La noche de San Juan, y Juan Rana en el Prado con escribano y alguacil***, de don Jerónimo de Cáncer, al final de la tercera jornada —; Cosme Pérez figura como testigo en el testamento de José Antonio Quevedo , fechado en Madrid el 2 de septiembre .<br><br>"
Bianco,denominar,il Grazzioso della Regina,"En una carta de Baccio del Bianco, fechada [¿en Madrid?] el 3 de marzo de este año, el escenógrafo italiano describe pormenorizadamente una fiesta que tuvo lugar en el Salón del Palacio del Buen Retiro, organizada por la infanta María Teresa para festejar el restablecimiento de la Reina Mariana de Austria, en la que se representó la comedia ***Pico y Canente*** de Luis de Ulloa y Pereira y Rodrigo de Ávila, y en cuya loa y sainetes, escritos por Antonio de Solís, actuó 'Juan Rana', al que Bianco denomina ""il Grazzioso della Regina""."
Juan Rana,aparecer en,una nube oro traído,"Según se relata en la carta, 'Juan Rana' aparecía en lo alto sobre una nube de oro, traído por ""Flora"", supuestamente trasladado desde el Parnaso para que representase la comedia."
Juan Rana,aparecer en,lo alto,"Según se relata en la carta, 'Juan Rana' aparecía en lo alto sobre una nube de oro, traído por ""Flora"", supuestamente trasladado desde el Parnaso para que representase la comedia."
Baccio,describir,la loa,"Baccio describe también la loa, afirmando que cantaban en ella Luisa y Mariana Romero."
Cotarelo,datar,esta fiesta,"Es probable, como observa Lobato a partir de una alusión en el sainete final de Solís, que la fiesta tuviera lugar en febrero, durante el período de Carnaval —Cotarelo dató erróneamente esta fiesta y representación en 1653 —."
Cotarelo,datar,el período Carnaval,"Es probable, como observa Lobato a partir de una alusión en el sainete final de Solís, que la fiesta tuviera lugar en febrero, durante el período de Carnaval —Cotarelo dató erróneamente esta fiesta y representación en 1653 —."
Juan Rana,intervenir en,***El golfo de las sirenas***,"El 17 de enero de este año 'Juan Rana' intervino en la comedia ***El golfo de las sirenas***, de Calderón, y en la mojiganga ***Juan Rana en la Zarzuela***, intrínsecamente vinculada a esta obra, que se representó ante Sus Majestades en el Real Sitio de la Zarzuela por las compañías de Diego Osorio y Pedro de la Rosa ; consta un auto, sin fecha pero anterior al 25 de enero, en el que los comisarios de la fiesta del Corpus de Madrid ordenaban que los autores Pedro de la Rosa , Francisco García 'el Pupilo' y Diego Osorio, así como los miembros de sus compañías, no salieran de la Corte y estuvieran listos para que se formaran las compañías que habían de representar los autos, y que se les embargaran los vestidos y demás bienes."
Juan Rana,intervenir en,la comedia,"El 17 de enero de este año 'Juan Rana' intervino en la comedia ***El golfo de las sirenas***, de Calderón, y en la mojiganga ***Juan Rana en la Zarzuela***, intrínsecamente vinculada a esta obra, que se representó ante Sus Majestades en el Real Sitio de la Zarzuela por las compañías de Diego Osorio y Pedro de la Rosa ; consta un auto, sin fecha pero anterior al 25 de enero, en el que los comisarios de la fiesta del Corpus de Madrid ordenaban que los autores Pedro de la Rosa , Francisco García 'el Pupilo' y Diego Osorio, así como los miembros de sus compañías, no salieran de la Corte y estuvieran listos para que se formaran las compañías que habían de representar los autos, y que se les embargaran los vestidos y demás bienes."
Juan Rana,intervenir en,El 17 enero,"El 17 de enero de este año 'Juan Rana' intervino en la comedia ***El golfo de las sirenas***, de Calderón, y en la mojiganga ***Juan Rana en la Zarzuela***, intrínsecamente vinculada a esta obra, que se representó ante Sus Majestades en el Real Sitio de la Zarzuela por las compañías de Diego Osorio y Pedro de la Rosa ; consta un auto, sin fecha pero anterior al 25 de enero, en el que los comisarios de la fiesta del Corpus de Madrid ordenaban que los autores Pedro de la Rosa , Francisco García 'el Pupilo' y Diego Osorio, así como los miembros de sus compañías, no salieran de la Corte y estuvieran listos para que se formaran las compañías que habían de representar los autos, y que se les embargaran los vestidos y demás bienes."
Jerónimo de Barrionuevo,recoger,la siguiente noticia,"A partir del 9 de febrero se notificó a los representantes, entre los que se encontraba Cosme Pérez, ""que se llama Juan Rana"" ; en uno de sus ***Avisos***, fechado el 31 de enero, Jerónimo de Barrionuevo recoge la siguiente noticia: ""Dicen envían una compañía de comediantes selectos de todas las demás al señor don Juan de Austria, y entre ellos la Bernardilla [¿Bernarda Ramírez?], los dos hermanos Pradillos [¿Sebastián García de Prado y José Antonio García de Prado?] y el mejor gracioso [¿Cosme Pérez?], para que desde allí pasen a Francia a que los vea la Reina Madre, que se lo ha escrito con grandes instancias, movida de lo mucho que se los ha alabado allá los que estuvieron aquí en el Retiro, y que el viaje y galas costarán 50.000 ducados"" ; Alenda y Mira recoge una relación en la que se da cuenta de la fiesta pública celebrada en Madrid el 6 de diciembre, con motivo de la salida de Su Majestad en público para dar gracias a la Virgen de Atocha por el nacimiento del Príncipe, y en ella consta que, para esta ocasión, ""hubo arrimado a las rejas de palacio un tablado, y en él representando la compañía de [Pedro de la] Rosa […]"
Alenda,recoger,una relación da,"A partir del 9 de febrero se notificó a los representantes, entre los que se encontraba Cosme Pérez, ""que se llama Juan Rana"" ; en uno de sus ***Avisos***, fechado el 31 de enero, Jerónimo de Barrionuevo recoge la siguiente noticia: ""Dicen envían una compañía de comediantes selectos de todas las demás al señor don Juan de Austria, y entre ellos la Bernardilla [¿Bernarda Ramírez?], los dos hermanos Pradillos [¿Sebastián García de Prado y José Antonio García de Prado?] y el mejor gracioso [¿Cosme Pérez?], para que desde allí pasen a Francia a que los vea la Reina Madre, que se lo ha escrito con grandes instancias, movida de lo mucho que se los ha alabado allá los que estuvieron aquí en el Retiro, y que el viaje y galas costarán 50.000 ducados"" ; Alenda y Mira recoge una relación en la que se da cuenta de la fiesta pública celebrada en Madrid el 6 de diciembre, con motivo de la salida de Su Majestad en público para dar gracias a la Virgen de Atocha por el nacimiento del Príncipe, y en ella consta que, para esta ocasión, ""hubo arrimado a las rejas de palacio un tablado, y en él representando la compañía de [Pedro de la] Rosa […]"
Rey Felipe IV,escribir a,doña Luisa Enríquez Manrique,"Para celebrar el nacimiento del príncipe Felipe Próspero, el dramaturgo Agustín Moreto escribió el entremés ***El alcalde de Alcorcón***, representado el 6 de enero de este año con motivo de la salida de la Reina a misa en la Real Capilla, en el que intervinieron, según M. L. Lobato, los actores Juan Rana, Bernarda Ramírez, Simón Aguado, Luis de Mendoza, Mariana y Luisa Romero, Mariana de Borja y Luciana Leal ; en una carta fechada el 12 de febrero de este año, el Rey Felipe IV escribía a doña Luisa Enríquez Manrique, condesa de Paredes de Nava, informándole sobre las fiestas de Carnaval en el Palacio del Buen Retiro: ""Y aquí se pasaron bien estas Carnestolendas en que no dejara de hacer vuestro amigo Juan Rana muy bien su oficio"" ; el 27 de febrero de este año Sus Majestades asistieron en el Coliseo del Retiro a la representación de la comedia de Antonio de Solís ***Triunfos de Amor y Fortuna***, que tuvo lugar con motivo de los festejos por el nacimiento del príncipe Felipe Próspero."
Rey Felipe IV,escribir a,una carta fechada,"Para celebrar el nacimiento del príncipe Felipe Próspero, el dramaturgo Agustín Moreto escribió el entremés ***El alcalde de Alcorcón***, representado el 6 de enero de este año con motivo de la salida de la Reina a misa en la Real Capilla, en el que intervinieron, según M. L. Lobato, los actores Juan Rana, Bernarda Ramírez, Simón Aguado, Luis de Mendoza, Mariana y Luisa Romero, Mariana de Borja y Luciana Leal ; en una carta fechada el 12 de febrero de este año, el Rey Felipe IV escribía a doña Luisa Enríquez Manrique, condesa de Paredes de Nava, informándole sobre las fiestas de Carnaval en el Palacio del Buen Retiro: ""Y aquí se pasaron bien estas Carnestolendas en que no dejara de hacer vuestro amigo Juan Rana muy bien su oficio"" ; el 27 de febrero de este año Sus Majestades asistieron en el Coliseo del Retiro a la representación de la comedia de Antonio de Solís ***Triunfos de Amor y Fortuna***, que tuvo lugar con motivo de los festejos por el nacimiento del príncipe Felipe Próspero."
Cosme Pérez,intervenir,Bernarda [Ramírez,"Junto a la comedia se representó el entremés del mismo Solís titulado ***Salta en banco***, en el que intervino Cosme Pérez junto a Bernarda [Ramírez], Bernarda Manuela, Luisa y Mariana Romero, [Francisca Bezón] 'la Bezona', María de Prado y María de Quiñones, y también se representó el entremés titulado ***El niño caballero***, del mismo Solís, en el que actuó Juan Rana junto a Bernarda Ramírez, Francisca Bezona, [Mariana de Borja] 'la Borja', [Simón] Aguado, [Mateo] Godoy, [Pedro de la] Rosa y [Tomás de] Nájera."
Juan Rana,actuar,Bernarda Ramírez,"Junto a la comedia se representó el entremés del mismo Solís titulado ***Salta en banco***, en el que intervino Cosme Pérez junto a Bernarda [Ramírez], Bernarda Manuela, Luisa y Mariana Romero, [Francisca Bezón] 'la Bezona', María de Prado y María de Quiñones, y también se representó el entremés titulado ***El niño caballero***, del mismo Solís, en el que actuó Juan Rana junto a Bernarda Ramírez, Francisca Bezona, [Mariana de Borja] 'la Borja', [Simón] Aguado, [Mateo] Godoy, [Pedro de la] Rosa y [Tomás de] Nájera."
Juan Rana,intervenir,Bernarda Ramírez,"También se representó como final de fiesta el sainete ***Aguardad, supremos dioses*** del mismo Solís, en el que intervino Juan Rana junto a Bernarda Ramírez, Simón Aguado, Bernarda Manuela, Mariana Borja, Pedro de la Rosa, [Mateo] Godoy, [Diego] Osorio y [¿Jerónimo de?] Heredia  —a partir del entremés de ***El niño caballero***, de Solís, Rennert creyó que podía deducirse que, en ese tiempo, Bernarda Manuela era la esposa de Cosme Pérez , pero se trata de una deducción errónea: véase la introducción de la entrada—; entre la documentación relativa a las fiestas del Corpus de Madrid consta una memoria, sin fecha, de las ""cosas de demasías"" en los carros, en la que se indica que se pagaron 60 rs. por un vestido de gigante con su maza y cabeza para 'Juan Rana' [Cosme Pérez] y 36 rs. por otra cabeza de gigante con su tocado para la dama de 'Juan Rana' ."
Gutiérrez,enviar,800 rs.,"En dicha carta de pago se declara que, aunque Gutiérrez había enviado 800 rs., Cosme Pérez recibió 16 rs. menos, que se emplearon en pagar al ordinario el porte del dinero ."
Cosme Pérez,recibir,16 rs. emplearon,"En dicha carta de pago se declara que, aunque Gutiérrez había enviado 800 rs., Cosme Pérez recibió 16 rs. menos, que se emplearon en pagar al ordinario el porte del dinero ."
M. L. Lobato,corregir,la fecha,"Entre los bienes se encuentran los 784 rs. de vellón enviados desde Salamanca a Luis López por Francisco Gutiérrez, su yerno, los cuales recibió Cosme Pérez, otro testamentario del dicho Luis López ; a finales de noviembre de este año se representó en palacio el baile de ***Los Juan Ranas*** para celebrar el primer cumpleaños del príncipe Felipe Próspero, que había nacido el 28 de noviembre de 1657, en el que actuaron Cosme Pérez, Bernarda Ramírez, Bernarda Manuela, Francisca Bezón, Gregorio de la Rosa, Simón Aguado, Diego Osorio, 'la Borja' [Mariana de Borja], Micaela Fernández, Ana —actriz cuyo apellido no se ha podido identificar—, María de Prado, Jerónima de Olmedo, Juana Caro, Micaela de Borja y una mujer que responde a la abreviatura 'Quir.'  y edición del baile ***Los Juan Ranas*** "", en ***Scriptura***, 17 , p. 242, en donde M. L. Lobato corrige la fecha que figura en el primero de los dos artículos que acabamos de citar con la sigla Lo, 105)."
Cosme Pérez,representar junto,Bernarda Ramírez,"Según Urzáiz, este año Cosme Pérez representó junto con Bernarda Ramírez, 'la Quiñones' [María Quiñones] y 'la Borja' [María Borja] ***El baile perdido***, de Antonio de Solís .<br><br>"
Cosme Pérez,representar junto,Urzáiz,"Según Urzáiz, este año Cosme Pérez representó junto con Bernarda Ramírez, 'la Quiñones' [María Quiñones] y 'la Borja' [María Borja] ***El baile perdido***, de Antonio de Solís .<br><br>"
Cosme Pérez,representar junto,este año,"Según Urzáiz, este año Cosme Pérez representó junto con Bernarda Ramírez, 'la Quiñones' [María Quiñones] y 'la Borja' [María Borja] ***El baile perdido***, de Antonio de Solís .<br><br>"
Juan Rana,actuar en,M. L. Lobato,"Según M. L. Lobato, 'Juan Rana' actuó en el entremés ***El ayo*** de Moreto, representado con motivo del cumpleaños del rey Felipe IV, quizá este año, como propone la citada investigadora, y en el que actuaron también Mateo de Godoy y Jerónimo Morales .<br><br>"
Juan Rana,actuar en,el entremés,"Según M. L. Lobato, 'Juan Rana' actuó en el entremés ***El ayo*** de Moreto, representado con motivo del cumpleaños del rey Felipe IV, quizá este año, como propone la citada investigadora, y en el que actuaron también Mateo de Godoy y Jerónimo Morales .<br><br>"
Catalina Ramos,morir en,el 1 septiembre,"Según Cotarelo, el 1 de septiembre Catalina Ramos, hija de Juan Ramos y sobrina de ""Cosme Pérez, comediante"", murió en la calle de Cantarranas, donde vivía con su tío .<br><br>"
Catalina Ramos,morir en,Cotarelo,"Según Cotarelo, el 1 de septiembre Catalina Ramos, hija de Juan Ramos y sobrina de ""Cosme Pérez, comediante"", murió en la calle de Cantarranas, donde vivía con su tío .<br><br>"
Catalina Ramos,morir en,calle de Cantarranas,"Según Cotarelo, el 1 de septiembre Catalina Ramos, hija de Juan Ramos y sobrina de ""Cosme Pérez, comediante"", murió en la calle de Cantarranas, donde vivía con su tío .<br><br>"
Cotarelo,recoger,el testimonio contemporáneo,"Rennert y, después de él, Cotarelo recogieron el testimonio contemporáneo que aparece en las ***Memorias de Lady Fanshawe***, quien relataba que el 5 de enero de este año, ""entre las varias diversiones que hemos tenido estas Pascuas, fue la presencia, de Juan Araña [sic], el famoso representante, que trabajó aquí durante dos horas, con admiración de todos los que le vieron, considerando que tenía cerca de ochenta años"" ; en un escrito del Duque de Montalto dirigido al grefier, fechado en Madrid el 3 de junio, se le solicitaba que cumpliera lo que Su Majestad había mandado mediante un real decreto fechado el 31 de mayo: que la ración ordinaria que se había concedido al representante Cosme Pérez y que en su día fue cedida a su hija, Francisca María Pérez, volviera a ser disfrutada por dicho actor, con motivo del fallecimiento de ésta, hasta su muerte ""por ser viejo y hallarse pobre"" .<br><br>"
Rennert,recoger,el testimonio contemporáneo,"Rennert y, después de él, Cotarelo recogieron el testimonio contemporáneo que aparece en las ***Memorias de Lady Fanshawe***, quien relataba que el 5 de enero de este año, ""entre las varias diversiones que hemos tenido estas Pascuas, fue la presencia, de Juan Araña [sic], el famoso representante, que trabajó aquí durante dos horas, con admiración de todos los que le vieron, considerando que tenía cerca de ochenta años"" ; en un escrito del Duque de Montalto dirigido al grefier, fechado en Madrid el 3 de junio, se le solicitaba que cumpliera lo que Su Majestad había mandado mediante un real decreto fechado el 31 de mayo: que la ración ordinaria que se había concedido al representante Cosme Pérez y que en su día fue cedida a su hija, Francisca María Pérez, volviera a ser disfrutada por dicho actor, con motivo del fallecimiento de ésta, hasta su muerte ""por ser viejo y hallarse pobre"" .<br><br>"
Su Majestad,mandar mediante,un real decreto fechado,"Rennert y, después de él, Cotarelo recogieron el testimonio contemporáneo que aparece en las ***Memorias de Lady Fanshawe***, quien relataba que el 5 de enero de este año, ""entre las varias diversiones que hemos tenido estas Pascuas, fue la presencia, de Juan Araña [sic], el famoso representante, que trabajó aquí durante dos horas, con admiración de todos los que le vieron, considerando que tenía cerca de ochenta años"" ; en un escrito del Duque de Montalto dirigido al grefier, fechado en Madrid el 3 de junio, se le solicitaba que cumpliera lo que Su Majestad había mandado mediante un real decreto fechado el 31 de mayo: que la ración ordinaria que se había concedido al representante Cosme Pérez y que en su día fue cedida a su hija, Francisca María Pérez, volviera a ser disfrutada por dicho actor, con motivo del fallecimiento de ésta, hasta su muerte ""por ser viejo y hallarse pobre"" .<br><br>"
Cosme Pérez,acudir a,Palacio,"Según Cotarelo, el martes Santo [21 de abril], Cosme Pérez acudió a Palacio en representación de la Cofradía de Nuestra Señora de la Novena para recoger, como era habitual en estas fechas, la limosna para la capilla que los actores tenían en la madrileña iglesia de San Sebastián, recibiendo de la Reina un donativo de 150 rs., que Mateo Godoy recogió en los libros de cuentas de la Cofradía."
Cosme Pérez,acudir a,el martes Santo,"Según Cotarelo, el martes Santo [21 de abril], Cosme Pérez acudió a Palacio en representación de la Cofradía de Nuestra Señora de la Novena para recoger, como era habitual en estas fechas, la limosna para la capilla que los actores tenían en la madrileña iglesia de San Sebastián, recibiendo de la Reina un donativo de 150 rs., que Mateo Godoy recogió en los libros de cuentas de la Cofradía."
Cosme Pérez,acudir a,Cotarelo,"Según Cotarelo, el martes Santo [21 de abril], Cosme Pérez acudió a Palacio en representación de la Cofradía de Nuestra Señora de la Novena para recoger, como era habitual en estas fechas, la limosna para la capilla que los actores tenían en la madrileña iglesia de San Sebastián, recibiendo de la Reina un donativo de 150 rs., que Mateo Godoy recogió en los libros de cuentas de la Cofradía."
Cosme Pérez,acudir a,representación Cofradía,"Según Cotarelo, el martes Santo [21 de abril], Cosme Pérez acudió a Palacio en representación de la Cofradía de Nuestra Señora de la Novena para recoger, como era habitual en estas fechas, la limosna para la capilla que los actores tenían en la madrileña iglesia de San Sebastián, recibiendo de la Reina un donativo de 150 rs., que Mateo Godoy recogió en los libros de cuentas de la Cofradía."
Mateo Godoy,recoger en,los libros cuentas Cofradía,"Según Cotarelo, el martes Santo [21 de abril], Cosme Pérez acudió a Palacio en representación de la Cofradía de Nuestra Señora de la Novena para recoger, como era habitual en estas fechas, la limosna para la capilla que los actores tenían en la madrileña iglesia de San Sebastián, recibiendo de la Reina un donativo de 150 rs., que Mateo Godoy recogió en los libros de cuentas de la Cofradía."
Cosme Pérez,tener,su avanzada edad—,"En éstos figuran también los 16 rs. entregados por la Cofradía ""a los silleros que llevaron a Cosme a Palacio para la demanda"" —de esta circunstancia se ha deducido, a partir de Cotarelo, que por aquel entonces Cosme Pérez ya tendría problemas de movilidad debido a su avanzada edad— ; el 13 de junio Cosme Pérez firmó en Madrid el primero de los dos testamentos que de él se conservan."
Cosme Pérez,tener,problemas movilidad,"En éstos figuran también los 16 rs. entregados por la Cofradía ""a los silleros que llevaron a Cosme a Palacio para la demanda"" —de esta circunstancia se ha deducido, a partir de Cotarelo, que por aquel entonces Cosme Pérez ya tendría problemas de movilidad debido a su avanzada edad— ; el 13 de junio Cosme Pérez firmó en Madrid el primero de los dos testamentos que de él se conservan."
Cosme Pérez,firmar en,el 13 junio,"En éstos figuran también los 16 rs. entregados por la Cofradía ""a los silleros que llevaron a Cosme a Palacio para la demanda"" —de esta circunstancia se ha deducido, a partir de Cotarelo, que por aquel entonces Cosme Pérez ya tendría problemas de movilidad debido a su avanzada edad— ; el 13 de junio Cosme Pérez firmó en Madrid el primero de los dos testamentos que de él se conservan."
Cosme Pérez,firmar en,Madrid,"En éstos figuran también los 16 rs. entregados por la Cofradía ""a los silleros que llevaron a Cosme a Palacio para la demanda"" —de esta circunstancia se ha deducido, a partir de Cotarelo, que por aquel entonces Cosme Pérez ya tendría problemas de movilidad debido a su avanzada edad— ; el 13 de junio Cosme Pérez firmó en Madrid el primero de los dos testamentos que de él se conservan."
Cosme Pérez,firmar en,el primero testamentos,"En éstos figuran también los 16 rs. entregados por la Cofradía ""a los silleros que llevaron a Cosme a Palacio para la demanda"" —de esta circunstancia se ha deducido, a partir de Cotarelo, que por aquel entonces Cosme Pérez ya tendría problemas de movilidad debido a su avanzada edad— ; el 13 de junio Cosme Pérez firmó en Madrid el primero de los dos testamentos que de él se conservan."
Antonio de Escamilla,deber por,un vestido,En el testamento se hace referencia a 10 dcs. que Antonio de Escamilla le debía por un vestido que le había vendido.
Cosme Pérez,acudir a,Palacio,"Igual que en el año anterior, Cosme Pérez acudió a Palacio para recibir el donativo de 150 rs. entregado por la Reina para la Cofradía de Nuestra Señora de la Novena, y esta vez los silleros que lo llevaron a Palacio recibieron 13 rs."
Cosme Pérez,acudir a,el año anterior,"Igual que en el año anterior, Cosme Pérez acudió a Palacio para recibir el donativo de 150 rs. entregado por la Reina para la Cofradía de Nuestra Señora de la Novena, y esta vez los silleros que lo llevaron a Palacio recibieron 13 rs."
Cosme Pérez,acudir a,Palacio,"Como en los dos años anteriores, Cosme Pérez acudió a Palacio para recibir el donativo de 150 rs. entregado por la Reina para la Cofradía de Nuestra Señora de la Novena, y esta vez los silleros que lo llevaron a Palacio recibieron 14 rs."
Cosme Pérez,acudir a,los años anteriores,"Como en los dos años anteriores, Cosme Pérez acudió a Palacio para recibir el donativo de 150 rs. entregado por la Reina para la Cofradía de Nuestra Señora de la Novena, y esta vez los silleros que lo llevaron a Palacio recibieron 14 rs."
Cosme Pérez,salir en,un carro triunfal,"Constan los gastos relativos a ""las galas"" dadas a los representantes para vestir los papeles de la comedia ***Hércules*** o ***Fieras afemina amor***, de Pedro Calderón de la Barca, que se tenía que representar en el Salón Dorado del Buen Retiro a costa del Príncipe de Astillano, para servir y festejar a SS.MM, y entre los cuales figura una libranza, fechada el 13 de enero de 1672, para el pago de diversas mercaderías destinadas al actor Juan Rana ; en este año —y no en 1668  o en 1670  como aventuró Cotarelo— Cosme Pérez, cuando ya estaba retirado, salió en un carro triunfal para actuar en el entremés de ***El triunfo de Juan Rana***, representado junto con la comedia ***Fieras afemina amor***, de Calderón de la Barca, el 29 de enero de 1672 en el Salón Dorado del Buen Retiro."
Cosme Pérez,salir en,este año,"Constan los gastos relativos a ""las galas"" dadas a los representantes para vestir los papeles de la comedia ***Hércules*** o ***Fieras afemina amor***, de Pedro Calderón de la Barca, que se tenía que representar en el Salón Dorado del Buen Retiro a costa del Príncipe de Astillano, para servir y festejar a SS.MM, y entre los cuales figura una libranza, fechada el 13 de enero de 1672, para el pago de diversas mercaderías destinadas al actor Juan Rana ; en este año —y no en 1668  o en 1670  como aventuró Cotarelo— Cosme Pérez, cuando ya estaba retirado, salió en un carro triunfal para actuar en el entremés de ***El triunfo de Juan Rana***, representado junto con la comedia ***Fieras afemina amor***, de Calderón de la Barca, el 29 de enero de 1672 en el Salón Dorado del Buen Retiro."
Agustín Manuel,figurar,los actores,"Entre los actores que representaron esa comedia figuran Agustín Manuel, [Antonio de] Escamilla, ""actúa en el entremés y en el fin de fiesta"", Mariana Romero, María de Quiñones, Antonia del Pozo, ""actúa en el fin de fiesta"", Josefa López, ""actúa en el fin de fiesta"", Sebastiana [Fernández], ""hace el papel de Calíope y actúa en el fin de fiesta"", Micaela [Fernández], ""actúa en el fin de fiesta"", Manuela [de] Escamilla, ""hace el papel de bobo, se viste de hombre y actúa en el fin de fiesta, Mariana [de] Borja ""actúa en el fin de fiesta y canta en el sainete"", Bernarda Manuela [o Manuela Bernarda 'la Grifona'], ""haciendo el papel de Venus"", Manuela de Bustamante, Jacinta —actriz que no hemos podido identificar—, ""actúa en el fin de fiesta"", y Alonso de Olmedo, ""hace el papel de Hércules"" ; Cosme Pérez murió el 20 de abril en la ""calle de Cantarranas, casas propias"", según se hacía constar en su partida de defunción, donde se indica que ""Recibió los Santos Sacramentos […] Deja 3.400 misas""."
Mariana Romero,actuar en,el entremés,"Entre los actores que representaron esa comedia figuran Agustín Manuel, [Antonio de] Escamilla, ""actúa en el entremés y en el fin de fiesta"", Mariana Romero, María de Quiñones, Antonia del Pozo, ""actúa en el fin de fiesta"", Josefa López, ""actúa en el fin de fiesta"", Sebastiana [Fernández], ""hace el papel de Calíope y actúa en el fin de fiesta"", Micaela [Fernández], ""actúa en el fin de fiesta"", Manuela [de] Escamilla, ""hace el papel de bobo, se viste de hombre y actúa en el fin de fiesta, Mariana [de] Borja ""actúa en el fin de fiesta y canta en el sainete"", Bernarda Manuela [o Manuela Bernarda 'la Grifona'], ""haciendo el papel de Venus"", Manuela de Bustamante, Jacinta —actriz que no hemos podido identificar—, ""actúa en el fin de fiesta"", y Alonso de Olmedo, ""hace el papel de Hércules"" ; Cosme Pérez murió el 20 de abril en la ""calle de Cantarranas, casas propias"", según se hacía constar en su partida de defunción, donde se indica que ""Recibió los Santos Sacramentos […] Deja 3.400 misas""."
Josefa López,actuar en,el fin fiesta,"Entre los actores que representaron esa comedia figuran Agustín Manuel, [Antonio de] Escamilla, ""actúa en el entremés y en el fin de fiesta"", Mariana Romero, María de Quiñones, Antonia del Pozo, ""actúa en el fin de fiesta"", Josefa López, ""actúa en el fin de fiesta"", Sebastiana [Fernández], ""hace el papel de Calíope y actúa en el fin de fiesta"", Micaela [Fernández], ""actúa en el fin de fiesta"", Manuela [de] Escamilla, ""hace el papel de bobo, se viste de hombre y actúa en el fin de fiesta, Mariana [de] Borja ""actúa en el fin de fiesta y canta en el sainete"", Bernarda Manuela [o Manuela Bernarda 'la Grifona'], ""haciendo el papel de Venus"", Manuela de Bustamante, Jacinta —actriz que no hemos podido identificar—, ""actúa en el fin de fiesta"", y Alonso de Olmedo, ""hace el papel de Hércules"" ; Cosme Pérez murió el 20 de abril en la ""calle de Cantarranas, casas propias"", según se hacía constar en su partida de defunción, donde se indica que ""Recibió los Santos Sacramentos […] Deja 3.400 misas""."
Mariana,actuar en,el fin fiesta,"Entre los actores que representaron esa comedia figuran Agustín Manuel, [Antonio de] Escamilla, ""actúa en el entremés y en el fin de fiesta"", Mariana Romero, María de Quiñones, Antonia del Pozo, ""actúa en el fin de fiesta"", Josefa López, ""actúa en el fin de fiesta"", Sebastiana [Fernández], ""hace el papel de Calíope y actúa en el fin de fiesta"", Micaela [Fernández], ""actúa en el fin de fiesta"", Manuela [de] Escamilla, ""hace el papel de bobo, se viste de hombre y actúa en el fin de fiesta, Mariana [de] Borja ""actúa en el fin de fiesta y canta en el sainete"", Bernarda Manuela [o Manuela Bernarda 'la Grifona'], ""haciendo el papel de Venus"", Manuela de Bustamante, Jacinta —actriz que no hemos podido identificar—, ""actúa en el fin de fiesta"", y Alonso de Olmedo, ""hace el papel de Hércules"" ; Cosme Pérez murió el 20 de abril en la ""calle de Cantarranas, casas propias"", según se hacía constar en su partida de defunción, donde se indica que ""Recibió los Santos Sacramentos […] Deja 3.400 misas""."
Cosme Pérez,morir,el 20 abril,"Entre los actores que representaron esa comedia figuran Agustín Manuel, [Antonio de] Escamilla, ""actúa en el entremés y en el fin de fiesta"", Mariana Romero, María de Quiñones, Antonia del Pozo, ""actúa en el fin de fiesta"", Josefa López, ""actúa en el fin de fiesta"", Sebastiana [Fernández], ""hace el papel de Calíope y actúa en el fin de fiesta"", Micaela [Fernández], ""actúa en el fin de fiesta"", Manuela [de] Escamilla, ""hace el papel de bobo, se viste de hombre y actúa en el fin de fiesta, Mariana [de] Borja ""actúa en el fin de fiesta y canta en el sainete"", Bernarda Manuela [o Manuela Bernarda 'la Grifona'], ""haciendo el papel de Venus"", Manuela de Bustamante, Jacinta —actriz que no hemos podido identificar—, ""actúa en el fin de fiesta"", y Alonso de Olmedo, ""hace el papel de Hércules"" ; Cosme Pérez murió el 20 de abril en la ""calle de Cantarranas, casas propias"", según se hacía constar en su partida de defunción, donde se indica que ""Recibió los Santos Sacramentos […] Deja 3.400 misas""."
Cosme Pérez,morir,calle de Cantarranas,"Entre los actores que representaron esa comedia figuran Agustín Manuel, [Antonio de] Escamilla, ""actúa en el entremés y en el fin de fiesta"", Mariana Romero, María de Quiñones, Antonia del Pozo, ""actúa en el fin de fiesta"", Josefa López, ""actúa en el fin de fiesta"", Sebastiana [Fernández], ""hace el papel de Calíope y actúa en el fin de fiesta"", Micaela [Fernández], ""actúa en el fin de fiesta"", Manuela [de] Escamilla, ""hace el papel de bobo, se viste de hombre y actúa en el fin de fiesta, Mariana [de] Borja ""actúa en el fin de fiesta y canta en el sainete"", Bernarda Manuela [o Manuela Bernarda 'la Grifona'], ""haciendo el papel de Venus"", Manuela de Bustamante, Jacinta —actriz que no hemos podido identificar—, ""actúa en el fin de fiesta"", y Alonso de Olmedo, ""hace el papel de Hércules"" ; Cosme Pérez murió el 20 de abril en la ""calle de Cantarranas, casas propias"", según se hacía constar en su partida de defunción, donde se indica que ""Recibió los Santos Sacramentos […] Deja 3.400 misas""."
